-- phpMyAdmin SQL Dump
-- version 4.7.0
-- https://www.phpmyadmin.net/
--
-- Host: 127.0.0.1
-- Generation Time: Jul 25, 2019 at 10:39 AM
-- Server version: 10.1.25-MariaDB
-- PHP Version: 5.6.31

SET SQL_MODE = "NO_AUTO_VALUE_ON_ZERO";
SET AUTOCOMMIT = 0;
START TRANSACTION;
SET time_zone = "+00:00";


/*!40101 SET @OLD_CHARACTER_SET_CLIENT=@@CHARACTER_SET_CLIENT */;
/*!40101 SET @OLD_CHARACTER_SET_RESULTS=@@CHARACTER_SET_RESULTS */;
/*!40101 SET @OLD_COLLATION_CONNECTION=@@COLLATION_CONNECTION */;
/*!40101 SET NAMES utf8mb4 */;

--
-- Database: `fd`
--

-- --------------------------------------------------------

--
-- Table structure for table `detailtransaction`
--

CREATE TABLE `detailtransaction` (
  `TransactionId` int(5) NOT NULL,
  `ProductNo` int(5) NOT NULL,
  `Crt` int(11) NOT NULL,
  `Pcs` int(11) NOT NULL
) ENGINE=InnoDB DEFAULT CHARSET=latin1;

--
-- Dumping data for table `detailtransaction`
--

INSERT INTO `detailtransaction` (`TransactionId`, `ProductNo`, `Crt`, `Pcs`) VALUES
(1, 108, 2, 0),
(2, 108, 50, 0),
(3, 80, 3, 0),
(3, 81, 5, 0),
(4, 18, 5, 0),
(4, 21, 10, 0),
(4, 46, 5, 0),
(4, 99, 10, 0),
(5, 108, 50, 0),
(6, 5, 1, 0),
(6, 79, 1, 0),
(6, 108, 1, 0),
(7, 79, 3, 0),
(8, 108, 50, 0),
(9, 80, 3, 0),
(9, 81, 5, 0),
(10, 21, 5, 0),
(10, 88, 2, 0),
(10, 96, 5, 0),
(10, 108, 42, 0),
(11, 76, 3, 0),
(11, 81, 2, 0),
(11, 112, 1, 0),
(13, 79, 1, 0),
(13, 108, 1, 0),
(13, 113, 2, 0),
(14, 79, 1, 0),
(14, 108, 1, 0),
(15, 81, 3, 0),
(16, 5, 1, 0),
(17, 5, 5, 0),
(18, 108, 10, 0),
(19, 79, 2, 0),
(19, 108, 1, 0),
(20, 75, 2, 0),
(20, 76, 2, 0),
(20, 80, 3, 0),
(21, 81, 2, 0),
(22, 18, 20, 0),
(22, 66, 5, 0),
(22, 88, 5, 0),
(22, 92, 3, 0),
(22, 94, 1, 0),
(22, 95, 1, 0),
(22, 99, 10, 0),
(22, 127, 5, 0),
(22, 153, 3, 0),
(22, 154, 3, 0),
(22, 155, 4, 0),
(22, 163, 1, 0),
(23, 79, 2, 0),
(23, 108, 3, 0),
(23, 113, 1, 0),
(25, 76, 2, 0),
(25, 81, 3, 0),
(26, 24, 2, 0),
(26, 38, 2, 0),
(26, 129, 2, 0),
(27, 18, 10, 0),
(27, 26, 10, 0),
(27, 41, 10, 0),
(27, 56, 10, 0),
(27, 66, 20, 0),
(27, 95, 10, 0),
(27, 99, 10, 0),
(27, 162, 10, 0),
(27, 163, 10, 0),
(28, 180, 0, 1),
(28, 181, 1, 0),
(28, 186, 1, 0),
(28, 190, 2, 0),
(28, 202, 1, 0),
(28, 203, 2, 0),
(28, 204, 1, 0),
(28, 214, 2, 0),
(28, 215, 0, 3),
(28, 216, 2, 0),
(28, 220, 1, 0),
(28, 221, 1, 0),
(28, 222, 2, 0),
(28, 232, 2, 0),
(28, 186, 0, 1),
(29, 108, 2, 0),
(29, 99, 3, 0),
(29, 96, 5, 0),
(29, 46, 1, 0),
(29, 88, 3, 0),
(29, 18, 5, 0),
(29, 65, 1, 0),
(29, 66, 4, 0),
(29, 117, 1, 0),
(29, 90, 2, 0),
(29, 62, 4, 0),
(29, 92, 2, 0),
(29, 115, 3, 0),
(29, 127, 3, 0),
(29, 128, 3, 0),
(29, 33, 2, 0),
(29, 38, 3, 0),
(29, 39, 3, 0),
(29, 48, 1, 0),
(29, 25, 1, 0),
(29, 26, 1, 0),
(29, 47, 3, 0),
(29, 162, 3, 0),
(29, 34, 2, 0),
(29, 24, 1, 0),
(29, 24, 1, 0),
(29, 132, 1, 0),
(29, 213, 3, 0),
(29, 191, 2, 0),
(29, 192, 2, 0),
(29, 199, 2, 0),
(29, 167, 1, 0),
(29, 201, 1, 0),
(29, 156, 1, 0),
(29, 210, 1, 0),
(29, 209, 1, 0),
(29, 203, 3, 0),
(29, 218, 2, 0),
(29, 232, 1, 0),
(29, 230, 1, 0),
(29, 231, 1, 0),
(29, 186, 1, 0),
(29, 163, 3, 0),
(29, 141, 2, 0),
(29, 142, 2, 0),
(29, 220, 3, 0),
(30, 80, 1, 0),
(30, 81, 3, 0),
(31, 127, 2, 0),
(31, 128, 2, 0),
(31, 129, 2, 0),
(31, 162, 2, 0),
(31, 163, 2, 0),
(31, 154, 1, 0),
(31, 23, 1, 0),
(31, 24, 1, 0),
(31, 131, 2, 0),
(31, 54, 1, 0),
(31, 43, 1, 0),
(31, 228, 1, 0),
(31, 132, 2, 0),
(32, 162, 10, 0),
(32, 163, 10, 0),
(32, 228, 5, 0),
(33, 99, 10, 0),
(33, 65, 3, 0),
(33, 110, 5, 0),
(33, 162, 10, 0),
(33, 26, 20, 0),
(33, 115, 5, 0),
(33, 129, 5, 0),
(33, 62, 10, 0),
(33, 24, 5, 0),
(33, 119, 5, 0),
(33, 120, 3, 0),
(33, 213, 5, 0),
(33, 215, 5, 0),
(33, 134, 5, 0),
(33, 186, 5, 0),
(33, 190, 3, 0),
(33, 227, 2, 0),
(33, 211, 1, 0),
(33, 115, 0, 3),
(34, 178, 2, 0),
(34, 174, 2, 0),
(34, 162, 15, 0),
(34, 54, 5, 0),
(34, 228, 3, 0),
(34, 90, 3, 0),
(34, 62, 3, 0),
(34, 92, 3, 0),
(34, 120, 1, 0),
(35, 222, 0, 1),
(35, 213, 0, 1),
(35, 134, 0, 1),
(35, 186, 0, 1),
(35, 218, 0, 1),
(35, 227, 0, 1),
(35, 230, 0, 1),
(35, 214, 0, 1),
(35, 157, 1, 0),
(35, 181, 0, 1),
(35, 180, 0, 1),
(35, 141, 1, 0),
(35, 199, 1, 0),
(35, 167, 1, 0),
(35, 231, 1, 0),
(36, 153, 5, 0),
(36, 154, 5, 0),
(36, 155, 5, 0),
(36, 127, 10, 0),
(36, 128, 10, 0),
(36, 129, 10, 0),
(36, 56, 3, 0),
(36, 228, 3, 0),
(36, 29, 4, 0),
(36, 27, 0, 15),
(36, 132, 3, 0),
(37, 228, 5, 0),
(37, 162, 7, 0),
(37, 90, 2, 0),
(37, 92, 3, 0),
(37, 174, 2, 0),
(37, 179, 1, 0),
(37, 120, 2, 0),
(38, 221, 2, 0),
(38, 204, 2, 0),
(39, 153, 10, 0),
(39, 228, 3, 0),
(39, 179, 1, 0),
(40, 221, 1, 0),
(40, 204, 1, 0),
(40, 228, 5, 0),
(40, 162, 5, 0),
(40, 163, 5, 0),
(40, 24, 5, 0),
(40, 132, 20, 0),
(41, 134, 0, 2),
(41, 34, 0, 15),
(41, 6, 0, 2),
(41, 119, 0, 2),
(41, 215, 0, 1),
(41, 213, 0, 1),
(41, 99, 0, 1),
(41, 3, 0, 2),
(42, 162, 15, 0),
(42, 174, 3, 0),
(42, 179, 2, 0),
(43, 162, 10, 0),
(43, 163, 10, 0),
(43, 132, 20, 0),
(44, 23, 1, 0),
(44, 24, 1, 0),
(44, 47, 1, 0),
(44, 163, 2, 0),
(44, 220, 2, 0),
(44, 26, 1, 0),
(44, 113, 1, 0),
(44, 5, 1, 0),
(45, 132, 30, 0),
(46, 132, 5, 0),
(46, 41, 5, 0),
(47, 24, 15, 0),
(47, 23, 15, 0),
(47, 129, 20, 0),
(47, 162, 6, 0),
(48, 47, 13, 0),
(49, 119, 0, 3),
(49, 213, 0, 3),
(49, 51, 0, 1),
(50, 213, 2, 0),
(50, 26, 2, 0),
(50, 47, 2, 0),
(50, 38, 1, 0),
(50, 39, 1, 0),
(50, 162, 1, 0),
(50, 163, 1, 0),
(51, 23, 6, 0),
(51, 163, 2, 0),
(52, 119, 0, 1),
(52, 214, 0, 1),
(52, 211, 0, 1),
(53, 142, 1, 0),
(53, 215, 0, 1),
(53, 222, 0, 1),
(53, 180, 0, 1),
(53, 202, 0, 1),
(55, 18, 50, 0),
(55, 66, 30, 0),
(55, 94, 2, 0),
(55, 92, 10, 0),
(55, 99, 10, 0),
(55, 117, 3, 0),
(55, 54, 2, 0),
(55, 90, 5, 0),
(55, 54, 0, 13),
(56, 81, 2, 0),
(56, 76, 1, 0),
(57, 81, 5, 0),
(58, 80, 5, 0),
(59, 65, 40, 0),
(60, 5, 4, 0),
(61, 101, 3, 0),
(61, 103, 3, 0),
(61, 18, 0, 0),
(61, 98, 3, 0),
(61, 66, 2, 0),
(61, 90, 1, 0),
(61, 91, 1, 0),
(61, 92, 1, 0),
(62, 99, 30, 0),
(62, 96, 15, 0),
(62, 87, 15, 0),
(62, 18, 4, 0),
(62, 11, 5, 0),
(62, 21, 10, 0),
(62, 108, 50, 0),
(63, 71, 5, 0),
(63, 58, 2, 0),
(63, 65, 2, 0),
(63, 101, 5, 0),
(63, 92, 5, 0),
(63, 117, 5, 0),
(63, 18, 10, 0),
(63, 99, 10, 0),
(63, 66, 5, 0),
(63, 41, 5, 0),
(63, 162, 5, 0),
(63, 163, 5, 0),
(63, 16, 5, 0),
(63, 86, 2, 0),
(63, 4, 2, 0),
(63, 110, 3, 0),
(63, 9, 3, 0),
(63, 59, 5, 0),
(63, 11, 3, 0),
(63, 90, 10, 0),
(63, 108, 10, 0),
(63, 91, 5, 0),
(63, 87, 5, 0),
(64, 59, 10, 0),
(64, 98, 10, 0),
(65, 18, 50, 0),
(65, 96, 50, 0),
(65, 108, 30, 0),
(65, 34, 15, 0),
(66, 108, 100, 0),
(66, 99, 50, 0),
(67, 99, 50, 0),
(67, 66, 30, 0),
(67, 21, 50, 0),
(67, 46, 20, 0),
(68, 12, 30, 0),
(68, 88, 20, 0),
(68, 90, 20, 0),
(68, 91, 10, 0),
(69, 108, 10, 0),
(69, 96, 10, 0),
(69, 88, 5, 0),
(70, 108, 20, 0),
(70, 96, 5, 0),
(70, 66, 5, 0),
(70, 87, 2, 0),
(70, 34, 5, 0),
(71, 96, 10, 0),
(71, 34, 3, 0),
(71, 129, 3, 0),
(71, 88, 3, 0),
(71, 23, 3, 0),
(71, 21, 3, 0),
(71, 18, 5, 0),
(72, 108, 30, 0),
(73, 99, 20, 0),
(73, 18, 10, 0),
(73, 66, 25, 0),
(73, 87, 30, 0),
(73, 100, 2, 0),
(73, 7, 10, 0),
(73, 67, 3, 0),
(73, 108, 10, 0),
(74, 108, 30, 0),
(74, 96, 5, 0),
(74, 21, 5, 0),
(74, 18, 2, 0),
(75, 99, 50, 0),
(75, 66, 100, 0),
(75, 103, 5, 0),
(76, 108, 50, 0),
(76, 11, 5, 0),
(76, 21, 3, 0),
(77, 117, 2, 0),
(77, 79, 1, 0),
(78, 108, 50, 0),
(78, 34, 15, 0),
(78, 87, 20, 0),
(78, 66, 10, 0),
(78, 96, 30, 0),
(79, 13, 15, 0),
(79, 99, 50, 0),
(79, 88, 20, 0),
(79, 66, 30, 0),
(79, 65, 10, 0),
(79, 102, 5, 0),
(79, 107, 10, 0),
(80, 90, 25, 0),
(80, 91, 25, 0),
(80, 92, 20, 0),
(80, 95, 20, 0),
(81, 90, 10, 0),
(81, 91, 10, 0),
(81, 88, 20, 0),
(81, 21, 10, 0),
(81, 103, 10, 0),
(81, 98, 10, 0),
(81, 92, 5, 0),
(82, 81, 1, 0),
(82, 80, 1, 0),
(82, 5, 4, 0),
(83, 66, 30, 0),
(83, 21, 20, 0),
(83, 131, 10, 0),
(84, 13, 5, 0),
(84, 18, 10, 0),
(84, 117, 5, 0),
(84, 46, 20, 0),
(85, 88, 5, 0),
(85, 96, 5, 0),
(85, 66, 5, 0),
(85, 46, 3, 0),
(86, 80, 4, 0),
(87, 76, 3, 0),
(87, 81, 3, 0),
(88, 108, 10, 0),
(88, 127, 10, 0),
(88, 128, 10, 0),
(88, 129, 10, 0),
(88, 153, 10, 0),
(88, 154, 10, 0),
(88, 155, 10, 0),
(89, 108, 95, 0),
(90, 96, 20, 0),
(90, 66, 10, 0),
(90, 21, 10, 0),
(90, 91, 25, 0),
(90, 90, 25, 0),
(90, 93, 5, 0),
(90, 92, 10, 0),
(90, 95, 5, 0),
(90, 89, 10, 0),
(90, 0, 0, 0),
(91, 103, 10, 0),
(91, 98, 25, 0),
(92, 18, 35, 0),
(92, 46, 5, 0),
(92, 87, 5, 0),
(92, 90, 10, 0),
(92, 91, 10, 0),
(92, 92, 10, 0),
(92, 94, 5, 0),
(92, 93, 5, 0),
(92, 23, 5, 0),
(94, 99, 50, 0),
(94, 88, 30, 0),
(94, 66, 70, 0),
(94, 21, 70, 0),
(94, 92, 10, 0),
(94, 18, 20, 0),
(94, 71, 10, 0),
(94, 90, 20, 0),
(95, 90, 10, 0),
(95, 91, 10, 0),
(95, 92, 10, 0),
(95, 88, 20, 0),
(95, 21, 20, 0),
(95, 96, 20, 0),
(95, 66, 20, 0),
(95, 95, 10, 0),
(96, 99, 25, 0),
(96, 21, 35, 0),
(97, 65, 1, 0),
(97, 79, 3, 0),
(98, 89, 15, 0),
(98, 118, 3, 0),
(98, 90, 15, 0),
(98, 91, 15, 0),
(98, 93, 15, 0),
(98, 94, 10, 0),
(98, 59, 10, 0),
(98, 106, 2, 0),
(98, 92, 15, 0),
(98, 25, 10, 0),
(98, 11, 2, 0),
(98, 16, 10, 0),
(98, 71, 2, 0),
(99, 108, 15, 0),
(99, 66, 5, 0),
(99, 96, 10, 0),
(99, 119, 2, 0),
(99, 48, 5, 0),
(99, 15, 2, 0),
(99, 87, 5, 0),
(100, 18, 5, 0),
(100, 96, 5, 0),
(100, 12, 5, 0),
(101, 12, 10, 0),
(101, 92, 15, 0),
(101, 93, 10, 0),
(101, 95, 5, 0),
(101, 66, 15, 0),
(101, 94, 5, 0),
(102, 98, 4, 0),
(102, 91, 1, 0),
(102, 92, 1, 0),
(103, 18, 30, 0),
(103, 46, 10, 0),
(103, 87, 20, 0),
(103, 66, 10, 0),
(103, 65, 5, 0),
(103, 102, 10, 0),
(104, 46, 1, 0),
(104, 88, 1, 0),
(104, 18, 1, 0),
(104, 66, 1, 0),
(104, 90, 1, 0),
(104, 89, 1, 0),
(104, 108, 1, 0),
(105, 99, 75, 0),
(105, 66, 75, 0),
(105, 21, 25, 0),
(105, 92, 30, 0),
(105, 93, 30, 0),
(105, 89, 50, 0),
(105, 16, 15, 0),
(106, 46, 20, 0),
(106, 21, 20, 0),
(106, 12, 5, 0),
(106, 117, 5, 0),
(106, 18, 10, 0),
(107, 108, 20, 0),
(107, 96, 5, 0),
(107, 66, 5, 0),
(107, 87, 2, 0),
(107, 34, 5, 0),
(108, 108, 10, 0),
(108, 96, 10, 0),
(108, 88, 5, 0),
(108, 46, 3, 0),
(108, 66, 5, 0),
(108, 34, 3, 0),
(108, 127, 3, 0),
(109, 99, 10, 0),
(109, 18, 10, 0),
(109, 46, 5, 0),
(109, 66, 10, 0),
(109, 103, 5, 0),
(109, 72, 3, 0),
(109, 108, 25, 0),
(109, 65, 5, 0),
(109, 120, 3, 0),
(109, 107, 3, 0),
(109, 87, 10, 0),
(109, 13, 5, 0),
(109, 7, 3, 0),
(109, 15, 3, 0),
(109, 86, 5, 0),
(109, 102, 2, 0),
(109, 89, 5, 0),
(109, 90, 5, 0),
(109, 91, 5, 0),
(109, 92, 5, 0),
(109, 93, 5, 0),
(109, 94, 3, 0),
(109, 130, 5, 0),
(109, 48, 5, 0),
(109, 127, 5, 0),
(109, 128, 5, 0),
(109, 153, 5, 0),
(109, 154, 5, 0),
(109, 34, 5, 0),
(109, 58, 3, 0),
(109, 9, 3, 0),
(109, 10, 2, 0),
(110, 13, 30, 0),
(111, 21, 5, 0),
(111, 96, 10, 0),
(111, 66, 3, 0),
(111, 20, 3, 0),
(111, 88, 5, 0),
(111, 11, 5, 0),
(111, 108, 50, 0),
(111, 89, 2, 0),
(111, 90, 2, 0),
(111, 91, 2, 0),
(112, 81, 2, 0),
(112, 80, 4, 0),
(112, 87, 30, 0),
(113, 81, 2, 0),
(114, 98, 15, 0),
(115, 18, 7, 0),
(115, 89, 3, 0),
(115, 98, 15, 0),
(115, 90, 5, 0),
(115, 91, 5, 0),
(116, 87, 40, 0),
(116, 21, 1, 0),
(117, 66, 40, 0),
(117, 43, 20, 0),
(117, 163, 20, 0),
(117, 162, 20, 0),
(117, 20, 10, 0),
(118, 23, 1, 0),
(118, 88, 1, 0),
(118, 18, 1, 0),
(118, 66, 1, 0),
(118, 51, 1, 0),
(118, 108, 1, 0),
(118, 132, 1, 0),
(118, 213, 1, 0),
(118, 79, 1, 0),
(119, 11, 10, 0),
(119, 21, 30, 0),
(119, 98, 25, 0),
(119, 94, 5, 0),
(119, 90, 5, 0),
(119, 89, 5, 0),
(119, 88, 25, 0),
(119, 1, 2, 0),
(119, 96, 5, 0),
(120, 99, 50, 0),
(121, 89, 5, 0),
(121, 34, 10, 0),
(122, 99, 50, 0),
(122, 13, 30, 0),
(122, 21, 15, 0),
(122, 95, 30, 0),
(122, 66, 50, 0),
(123, 81, 1, 0),
(123, 76, 2, 0),
(124, 94, 50, 0),
(125, 108, 30, 0),
(125, 96, 10, 0),
(126, 18, 7, 0),
(126, 89, 5, 0),
(126, 98, 10, 0),
(126, 90, 5, 0),
(126, 91, 5, 0),
(126, 153, 2, 0),
(126, 154, 2, 0),
(126, 155, 2, 0),
(126, 118, 1, 0),
(126, 103, 1, 0),
(127, 18, 10, 0),
(127, 96, 10, 0),
(127, 21, 5, 0),
(127, 20, 3, 0),
(127, 88, 3, 0),
(128, 92, 5, 0),
(128, 89, 5, 0),
(128, 18, 10, 0),
(129, 87, 50, 0),
(130, 21, 50, 0),
(131, 11, 2, 0),
(131, 16, 10, 0),
(131, 12, 15, 0),
(131, 13, 15, 0),
(131, 130, 5, 0),
(131, 107, 2, 0),
(131, 7, 10, 0),
(131, 18, 10, 0),
(131, 17, 2, 0),
(131, 110, 2, 0),
(131, 6, 1, 0),
(131, 10, 2, 0),
(131, 72, 5, 0),
(131, 89, 5, 0),
(132, 46, 20, 0),
(132, 21, 25, 0),
(132, 13, 5, 0),
(132, 66, 20, 0),
(132, 99, 20, 0),
(133, 102, 3, 0),
(133, 107, 10, 0),
(134, 88, 50, 0),
(135, 99, 85, 0),
(135, 13, 30, 0),
(135, 21, 25, 0),
(135, 95, 20, 0),
(135, 66, 10, 0),
(135, 88, 20, 0),
(135, 16, 10, 0),
(135, 92, 30, 0),
(135, 93, 20, 0),
(135, 18, 20, 0),
(135, 130, 5, 0),
(135, 131, 5, 0),
(135, 47, 5, 0),
(135, 23, 5, 0),
(135, 228, 5, 0),
(135, 26, 5, 0),
(136, 108, 20, 0),
(136, 88, 5, 0),
(136, 18, 5, 0),
(136, 128, 3, 0),
(136, 129, 3, 0),
(136, 153, 3, 0),
(136, 154, 3, 0),
(136, 155, 3, 0),
(137, 18, 1, 0),
(137, 66, 1, 0),
(137, 90, 1, 0),
(137, 108, 1, 0),
(137, 65, 1, 0),
(138, 66, 20, 0),
(138, 20, 30, 0),
(138, 67, 20, 0),
(138, 17, 10, 0),
(138, 91, 10, 0),
(138, 162, 10, 0),
(139, 66, 30, 0),
(139, 21, 20, 0),
(139, 130, 10, 0),
(139, 131, 10, 0),
(140, 18, 5, 0),
(140, 96, 20, 0),
(140, 46, 3, 0),
(140, 20, 3, 0),
(140, 88, 5, 0),
(140, 66, 3, 0),
(140, 108, 50, 0),
(140, 11, 5, 0),
(141, 11, 5, 0),
(141, 98, 5, 0),
(141, 91, 15, 0),
(141, 90, 5, 0),
(141, 89, 20, 0),
(141, 88, 50, 0),
(141, 1, 5, 0),
(141, 96, 60, 0),
(141, 46, 10, 0),
(141, 118, 5, 0),
(141, 94, 5, 0),
(141, 24, 10, 0),
(141, 130, 5, 0),
(142, 118, 2, 0),
(142, 89, 3, 0),
(142, 66, 10, 0),
(142, 88, 8, 0),
(143, 89, 20, 0),
(143, 93, 10, 0),
(143, 90, 15, 0),
(143, 99, 40, 0),
(143, 18, 40, 0),
(143, 65, 3, 0),
(143, 118, 3, 0),
(143, 4, 2, 0),
(144, 88, 50, 0),
(146, 101, 3, 0),
(146, 103, 2, 0),
(146, 98, 3, 0),
(146, 66, 2, 0),
(147, 18, 10, 0),
(147, 89, 3, 0),
(147, 96, 10, 0),
(147, 92, 3, 0),
(147, 91, 5, 0),
(147, 93, 3, 0),
(147, 98, 15, 0),
(147, 88, 15, 0),
(149, 108, 10, 0),
(149, 66, 3, 0),
(149, 96, 5, 0),
(149, 18, 5, 0),
(149, 65, 1, 0),
(149, 15, 2, 0),
(149, 87, 5, 0),
(149, 101, 3, 0),
(150, 108, 30, 0),
(150, 96, 30, 0),
(150, 87, 30, 0),
(150, 117, 5, 0),
(150, 59, 5, 0),
(150, 23, 10, 0),
(151, 108, 1, 0),
(151, 66, 1, 0),
(151, 51, 1, 0),
(151, 46, 1, 0),
(151, 88, 1, 0),
(151, 99, 1, 0),
(152, 66, 75, 0),
(152, 16, 10, 0),
(152, 21, 15, 0),
(152, 88, 50, 0),
(152, 13, 30, 0),
(152, 89, 10, 0),
(153, 54, 1, 0),
(153, 92, 1, 0),
(153, 38, 1, 0),
(153, 129, 1, 0),
(154, 66, 10, 0),
(155, 20, 30, 0),
(156, 108, 30, 0),
(156, 87, 5, 0),
(157, 66, 50, 0),
(158, 108, 2, 0),
(158, 48, 1, 0),
(159, 88, 145, 0),
(159, 94, 50, 0),
(159, 95, 10, 0),
(160, 13, 15, 0),
(160, 95, 20, 0),
(160, 21, 10, 0),
(160, 99, 50, 0),
(161, 46, 5, 0),
(161, 20, 5, 0),
(161, 87, 20, 0),
(161, 13, 5, 0),
(161, 101, 5, 0),
(162, 88, 20, 0),
(162, 66, 15, 0),
(162, 108, 10, 0),
(162, 7, 1, 0),
(162, 12, 1, 0),
(162, 13, 1, 0),
(162, 118, 3, 0),
(162, 98, 5, 0),
(163, 163, 10, 0),
(163, 91, 10, 0),
(163, 92, 10, 0),
(163, 99, 30, 0),
(163, 18, 35, 0),
(163, 11, 3, 0),
(163, 86, 5, 0),
(163, 71, 4, 0),
(163, 72, 2, 0),
(163, 1, 3, 0),
(163, 6, 2, 0),
(164, 108, 30, 0),
(164, 96, 10, 0),
(164, 18, 10, 0),
(165, 46, 3, 0),
(165, 11, 3, 0),
(165, 21, 5, 0),
(166, 96, 4, 0),
(167, 88, 30, 0),
(167, 96, 50, 0),
(167, 93, 10, 0),
(167, 46, 10, 0),
(167, 98, 10, 0),
(167, 18, 20, 0),
(168, 108, 10, 0),
(169, 88, 10, 0),
(169, 108, 40, 0),
(172, 13, 30, 0),
(172, 95, 30, 0),
(172, 21, 15, 0),
(172, 99, 75, 0),
(172, 66, 75, 0),
(172, 16, 10, 0),
(172, 92, 15, 0),
(172, 43, 5, 0),
(172, 89, 20, 0),
(172, 93, 30, 0),
(172, 12, 20, 0),
(172, 20, 30, 0),
(172, 46, 30, 0),
(173, 108, 100, 0),
(174, 108, 10, 0),
(174, 7, 1, 0),
(174, 86, 2, 0),
(175, 117, 3, 0),
(175, 66, 5, 0),
(175, 20, 3, 0),
(175, 108, 10, 0),
(175, 119, 5, 0),
(175, 88, 5, 0),
(176, 108, 2, 0),
(176, 18, 2, 0),
(176, 88, 1, 0),
(176, 46, 1, 0),
(176, 117, 1, 0),
(177, 18, 20, 0),
(177, 91, 10, 0),
(177, 92, 10, 0),
(177, 99, 20, 0),
(177, 101, 10, 0),
(177, 108, 30, 0),
(177, 118, 7, 0),
(177, 117, 7, 0),
(177, 107, 3, 0),
(178, 46, 3, 0),
(178, 88, 5, 0),
(178, 96, 5, 0),
(179, 87, 20, 0),
(179, 66, 10, 0),
(179, 118, 15, 0),
(179, 110, 5, 0),
(180, 66, 85, 0),
(180, 88, 50, 0),
(181, 66, 50, 0),
(182, 108, 20, 0),
(182, 66, 2, 0),
(182, 96, 10, 0),
(182, 7, 2, 0),
(182, 65, 2, 0),
(182, 21, 2, 0),
(182, 88, 5, 0),
(182, 13, 2, 0),
(183, 87, 60, 0),
(183, 66, 20, 0),
(184, 87, 8, 0),
(184, 18, 2, 0),
(184, 46, 1, 0),
(184, 12, 1, 0),
(184, 13, 1, 0),
(184, 96, 5, 0),
(185, 108, 2, 0),
(185, 89, 1, 0),
(185, 90, 2, 0),
(185, 91, 1, 0),
(185, 65, 1, 0),
(186, 87, 6, 0),
(187, 130, 25, 0),
(187, 21, 15, 0),
(187, 51, 10, 0),
(188, 46, 10, 0),
(188, 20, 5, 0),
(188, 13, 5, 0),
(188, 59, 3, 0),
(190, 153, 5, 0),
(190, 150, 3, 0),
(191, 88, 3, 0),
(191, 96, 5, 0),
(191, 18, 5, 0),
(191, 21, 5, 0),
(191, 66, 3, 0),
(191, 11, 2, 0),
(191, 108, 50, 0),
(192, 108, 2, 0),
(192, 66, 1, 0),
(192, 99, 1, 0),
(192, 88, 1, 0),
(193, 66, 50, 0),
(193, 46, 30, 0),
(193, 18, 10, 0),
(193, 21, 10, 0),
(194, 87, 20, 0),
(195, 98, 3, 0),
(195, 18, 5, 0),
(196, 88, 10, 0),
(196, 46, 5, 0),
(196, 89, 10, 0),
(196, 18, 5, 0),
(197, 66, 30, 0),
(197, 108, 30, 0),
(197, 99, 20, 0),
(197, 110, 1, 0),
(197, 59, 3, 0),
(197, 118, 5, 0),
(197, 117, 5, 0),
(197, 16, 20, 0),
(197, 56, 10, 0),
(198, 66, 75, 0),
(199, 66, 30, 0),
(200, 87, 12, 0),
(201, 87, 6, 0),
(202, 108, 1, 0),
(202, 18, 1, 0),
(202, 127, 1, 0),
(202, 39, 1, 0),
(202, 51, 2, 0),
(203, 99, 1, 0),
(203, 108, 1, 0),
(203, 129, 1, 0),
(203, 38, 1, 0),
(203, 51, 1, 0),
(204, 88, 1, 0),
(204, 108, 1, 0),
(204, 66, 1, 0),
(204, 92, 1, 0),
(204, 48, 1, 0),
(205, 128, 1, 0),
(205, 108, 3, 0),
(205, 18, 1, 0),
(206, 79, 1, 0),
(206, 108, 1, 0),
(206, 99, 1, 0),
(36, 29, 0, 22),
(207, 80, 1, 0),
(207, 108, 1, 0),
(207, 18, 1, 0),
(208, 81, 3, 0),
(208, 113, 1, 0),
(209, 76, 1, 0),
(209, 81, 3, 0),
(209, 5, 1, 0),
(210, 80, 4, 0),
(211, 79, 2, 0),
(212, 88, 1, 0),
(212, 108, 1, 0),
(212, 66, 1, 0),
(212, 79, 1, 0),
(212, 99, 1, 0),
(212, 113, 1, 0),
(213, 81, 2, 0),
(214, 80, 5, 0),
(214, 5, 3, 0),
(215, 81, 2, 0),
(215, 74, 1, 0),
(216, 108, 1, 0),
(216, 18, 1, 0),
(216, 79, 1, 0),
(217, 108, 20, 0),
(218, 79, 2, 0),
(218, 108, 1, 0),
(219, 108, 20, 0),
(220, 81, 2, 0),
(220, 80, 2, 0),
(221, 80, 4, 0),
(221, 75, 1, 0),
(221, 5, 4, 0),
(222, 108, 20, 0),
(223, 80, 1, 0),
(224, 113, 1, 0),
(225, 79, 2, 0),
(225, 5, 1, 0),
(226, 5, 1, 0),
(226, 79, 1, 0),
(226, 74, 1, 0),
(226, 113, 1, 0),
(226, 108, 1, 0),
(226, 197, 1, 0),
(227, 80, 2, 0),
(228, 108, 20, 0),
(229, 51, 5, 0),
(230, 108, 30, 0),
(231, 108, 2, 0),
(231, 79, 1, 0),
(231, 66, 1, 0),
(231, 99, 1, 0),
(231, 18, 1, 0),
(231, 46, 1, 0),
(231, 88, 1, 0),
(232, 113, 2, 0),
(232, 5, 1, 0),
(233, 26, 1, 0),
(233, 47, 1, 0),
(233, 23, 1, 0),
(233, 162, 1, 0),
(233, 163, 1, 0),
(233, 38, 1, 0),
(233, 39, 1, 0),
(233, 51, 1, 0),
(233, 65, 1, 0),
(233, 203, 1, 0),
(233, 191, 1, 0),
(233, 213, 1, 0),
(233, 108, 1, 0),
(233, 89, 1, 0),
(233, 91, 1, 0),
(233, 92, 1, 0),
(233, 93, 1, 0),
(233, 94, 1, 0),
(234, 66, 10, 0),
(234, 181, 1, 0),
(234, 191, 1, 0),
(235, 5, 6, 0),
(236, 76, 2, 0),
(238, 75, 3, 0),
(239, 108, 30, 0),
(240, 79, 1, 0),
(240, 5, 1, 0),
(241, 118, 3, 0),
(242, 79, 1, 0),
(242, 5, 1, 0),
(243, 5, 2, 0),
(244, 66, 40, 0),
(244, 56, 2, 0),
(244, 162, 3, 0),
(244, 131, 2, 0),
(245, 163, 1, 0),
(245, 54, 1, 0),
(245, 51, 1, 0),
(245, 99, 1, 0),
(245, 18, 1, 0),
(245, 66, 1, 0),
(245, 79, 1, 0),
(245, 88, 1, 0),
(247, 5, 6, 0),
(248, 162, 5, 0),
(248, 127, 1, 0),
(248, 128, 1, 0),
(248, 129, 1, 0),
(248, 51, 1, 0),
(250, 162, 5, 0),
(250, 228, 3, 0),
(251, 134, 0, 2),
(251, 213, 0, 2),
(251, 6, 0, 1),
(251, 215, 0, 2),
(251, 67, 0, 1),
(251, 127, 0, 2),
(251, 51, 0, 3),
(252, 191, 0, 1),
(252, 142, 0, 1),
(253, 162, 5, 0),
(253, 130, 2, 0),
(253, 131, 2, 0),
(253, 126, 1, 0),
(253, 132, 5, 0),
(253, 231, 1, 0),
(254, 38, 0, 1),
(254, 51, 0, 1),
(254, 190, 0, 1),
(254, 215, 0, 1),
(254, 24, 0, 1),
(255, 229, 1, 0),
(255, 141, 2, 0),
(255, 156, 1, 0),
(255, 232, 1, 0),
(255, 171, 1, 0),
(255, 104, 0, 10),
(257, 34, 5, 0),
(257, 38, 5, 0),
(257, 39, 5, 0),
(257, 154, 6, 0),
(257, 153, 5, 0),
(257, 155, 4, 0),
(257, 150, 5, 0),
(257, 127, 5, 0),
(257, 128, 5, 0),
(257, 129, 5, 0),
(257, 23, 3, 0),
(257, 24, 3, 0),
(257, 130, 3, 0),
(257, 131, 3, 0),
(257, 47, 3, 0),
(257, 190, 1, 0),
(257, 121, 1, 0),
(257, 134, 1, 0),
(257, 186, 1, 0),
(257, 108, 10, 0),
(257, 215, 1, 0),
(258, 162, 15, 0),
(258, 132, 50, 0),
(259, 163, 2, 0),
(259, 26, 1, 0),
(259, 51, 1, 0),
(259, 54, 1, 0),
(260, 18, 40, 0),
(260, 117, 3, 0),
(260, 118, 5, 0),
(260, 131, 3, 0),
(261, 162, 5, 0),
(261, 127, 3, 0),
(261, 128, 3, 0),
(261, 129, 3, 0),
(261, 51, 3, 0),
(261, 54, 3, 0),
(262, 108, 50, 0),
(263, 33, 1, 0),
(264, 33, 1, 0),
(265, 33, 1, 0),
(266, 150, 1, 0),
(267, 199, 1, 0),
(267, 161, 1, 0),
(267, 167, 1, 0),
(267, 141, 1, 0),
(268, 6, 0, 1),
(268, 158, 0, 4),
(268, 67, 0, 2),
(269, 232, 3, 0),
(269, 156, 1, 0),
(269, 192, 1, 0),
(269, 199, 3, 0),
(269, 141, 2, 0),
(269, 104, 0, 4),
(269, 162, 3, 0),
(269, 149, 2, 0),
(270, 214, 1, 0),
(270, 228, 1, 0),
(271, 204, 1, 0),
(271, 212, 0, 1),
(271, 202, 0, 1),
(271, 215, 0, 1),
(271, 229, 1, 0),
(272, 38, 2, 0),
(272, 39, 1, 0),
(272, 51, 3, 0),
(272, 91, 1, 0),
(272, 23, 1, 0),
(272, 25, 1, 0),
(272, 26, 1, 0),
(272, 47, 1, 0),
(272, 162, 1, 0),
(272, 92, 1, 0),
(273, 203, 0, 1),
(273, 186, 0, 2),
(273, 202, 0, 1),
(273, 180, 0, 1),
(273, 218, 0, 1),
(273, 215, 0, 1),
(273, 221, 0, 1),
(273, 230, 0, 1),
(274, 160, 2, 0),
(274, 181, 0, 2),
(274, 191, 0, 2),
(274, 158, 0, 1),
(274, 51, 0, 6),
(274, 67, 0, 1),
(275, 108, 30, 0),
(276, 79, 2, 0),
(276, 78, 1, 0),
(277, 79, 2, 0),
(277, 5, 1, 0),
(278, 79, 1, 0),
(278, 67, 1, 0),
(278, 158, 0, 3),
(279, 76, 2, 0),
(280, 76, 2, 0),
(281, 80, 1, 0),
(281, 5, 1, 0),
(282, 79, 2, 0),
(282, 5, 1, 0),
(283, 108, 50, 0),
(284, 108, 30, 0),
(285, 79, 1, 0),
(285, 108, 1, 0),
(285, 113, 1, 0),
(285, 77, 1, 0),
(286, 108, 30, 0),
(287, 108, 30, 0),
(288, 74, 1, 0),
(289, 74, 4, 0),
(290, 108, 50, 0),
(291, 74, 4, 0),
(292, 79, 2, 0),
(293, 108, 30, 0),
(294, 108, 50, 0),
(294, 21, 5, 0),
(294, 20, 3, 0),
(294, 88, 5, 0),
(294, 96, 3, 0),
(296, 74, 1, 0),
(297, 108, 2, 0),
(297, 99, 1, 0),
(297, 88, 1, 0),
(297, 51, 1, 0),
(297, 66, 1, 0),
(297, 65, 1, 0),
(297, 23, 0, 27),
(297, 24, 0, 9),
(297, 47, 1, 0),
(297, 38, 1, 0),
(297, 18, 1, 0),
(298, 74, 2, 0),
(299, 79, 1, 0),
(300, 66, 30, 0),
(300, 16, 20, 0),
(300, 13, 30, 0),
(300, 99, 30, 0),
(301, 221, 0, 1),
(301, 204, 1, 0),
(302, 108, 30, 0),
(303, 108, 10, 0),
(303, 21, 3, 0),
(303, 96, 2, 0),
(304, 46, 1, 0),
(304, 117, 1, 0),
(304, 25, 1, 0),
(304, 26, 1, 0),
(304, 89, 1, 0),
(304, 92, 1, 0),
(304, 66, 1, 0),
(304, 99, 1, 0),
(304, 88, 1, 0),
(304, 51, 1, 0),
(304, 79, 1, 0),
(305, 108, 40, 0),
(306, 94, 15, 0),
(306, 118, 10, 0),
(306, 13, 5, 0),
(306, 66, 50, 0),
(306, 16, 10, 0),
(306, 65, 2, 0),
(306, 59, 5, 0),
(306, 17, 2, 0),
(306, 67, 1, 0),
(306, 58, 1, 0),
(306, 110, 2, 0),
(306, 1, 2, 0),
(306, 6, 2, 0),
(307, 99, 300, 0),
(307, 66, 50, 0),
(307, 86, 30, 0),
(308, 66, 30, 0),
(308, 99, 30, 0),
(308, 93, 20, 0),
(308, 92, 5, 0),
(309, 46, 3, 0),
(309, 48, 5, 0),
(309, 51, 5, 0),
(309, 108, 15, 0),
(309, 87, 5, 0),
(309, 20, 2, 0),
(309, 7, 2, 0),
(310, 108, 10, 0),
(311, 62, 42, 0),
(312, 66, 50, 0),
(312, 87, 10, 0),
(313, 99, 70, 0),
(313, 87, 30, 0),
(313, 108, 50, 0),
(313, 1, 5, 0),
(314, 66, 50, 0),
(314, 99, 50, 0),
(314, 87, 50, 0),
(314, 118, 20, 0),
(314, 59, 5, 0),
(316, 100, 50, 0),
(316, 12, 50, 0),
(316, 86, 39, 0),
(316, 17, 1, 0),
(316, 10, 1, 0),
(316, 59, 1, 0),
(316, 66, 200, 0),
(317, 108, 30, 0),
(318, 66, 30, 0),
(318, 99, 40, 0),
(319, 108, 25, 0),
(320, 79, 1, 0),
(320, 108, 1, 0),
(320, 51, 1, 0),
(321, 66, 50, 0),
(321, 99, 50, 0),
(321, 87, 10, 0),
(321, 12, 10, 0),
(321, 38, 10, 0),
(321, 129, 10, 0),
(321, 23, 2, 0),
(322, 87, 40, 0),
(323, 113, 2, 0),
(324, 21, 5, 0),
(326, 66, 50, 0),
(326, 87, 30, 0),
(326, 38, 10, 0),
(327, 51, 1, 0),
(327, 108, 1, 0),
(327, 79, 1, 0),
(328, 21, 2, 0),
(328, 88, 2, 0),
(328, 66, 1, 0),
(328, 46, 2, 0),
(328, 108, 50, 0),
(329, 66, 15, 0),
(329, 88, 5, 0),
(330, 1, 1, 0),
(330, 98, 5, 0),
(330, 66, 5, 0),
(330, 127, 3, 0),
(330, 128, 3, 0),
(330, 129, 3, 0),
(330, 100, 1, 0),
(330, 67, 2, 0),
(330, 17, 3, 0),
(330, 20, 1, 0),
(330, 23, 2, 0),
(330, 88, 3, 0),
(330, 108, 10, 0),
(331, 92, 10, 0),
(331, 59, 5, 0),
(331, 94, 9, 0),
(331, 95, 10, 0),
(331, 41, 5, 0),
(331, 87, 10, 0),
(331, 65, 1, 0),
(331, 110, 2, 0),
(331, 96, 20, 0),
(332, 21, 5, 0),
(332, 108, 30, 0),
(333, 66, 30, 0),
(333, 96, 10, 0),
(333, 162, 5, 0),
(334, 1, 5, 0),
(334, 100, 1, 0),
(334, 108, 25, 0),
(334, 7, 1, 0),
(334, 127, 3, 0),
(334, 128, 3, 0),
(334, 129, 3, 0),
(334, 66, 5, 0),
(335, 66, 30, 0),
(335, 99, 30, 0),
(336, 66, 50, 0),
(336, 99, 50, 0),
(336, 12, 20, 0),
(337, 66, 30, 0),
(337, 1, 30, 0),
(338, 91, 5, 0),
(338, 91, 5, 0),
(338, 87, 10, 0),
(338, 96, 20, 0),
(338, 66, 50, 0),
(338, 153, 4, 0),
(338, 150, 10, 0),
(339, 108, 50, 0),
(339, 88, 20, 0),
(339, 99, 10, 0),
(339, 66, 25, 0),
(339, 7, 2, 0),
(339, 12, 5, 0),
(339, 94, 5, 0),
(340, 66, 5, 0),
(340, 88, 3, 0),
(340, 20, 2, 0),
(340, 7, 2, 0),
(341, 66, 100, 0),
(341, 59, 10, 0),
(341, 38, 10, 0),
(341, 39, 10, 0),
(341, 10, 5, 0),
(341, 20, 5, 0),
(341, 99, 30, 0),
(342, 99, 2, 0),
(342, 98, 2, 0),
(342, 1, 3, 0),
(343, 88, 30, 0),
(343, 87, 25, 0),
(344, 108, 10, 0),
(344, 87, 5, 0),
(344, 66, 3, 0),
(344, 99, 5, 0),
(344, 46, 3, 0),
(344, 12, 5, 0),
(345, 66, 75, 0),
(345, 59, 10, 0),
(345, 39, 20, 0),
(345, 20, 20, 0),
(345, 99, 30, 0),
(345, 12, 20, 0),
(346, 46, 1, 0),
(346, 66, 2, 0),
(346, 25, 1, 0),
(346, 99, 2, 0),
(346, 51, 3, 0),
(346, 79, 1, 0),
(346, 108, 3, 0),
(346, 163, 1, 0),
(346, 163, 1, 0),
(346, 17, 1, 0),
(346, 38, 1, 0),
(346, 39, 1, 0),
(346, 88, 1, 0),
(347, 153, 30, 0),
(347, 150, 20, 0),
(347, 108, 20, 0),
(347, 87, 10, 0),
(347, 99, 10, 0),
(347, 4, 2, 0),
(347, 93, 10, 0),
(347, 16, 5, 0),
(347, 59, 5, 0),
(347, 56, 5, 0),
(348, 1, 10, 0),
(348, 99, 20, 0),
(348, 98, 10, 0),
(348, 108, 20, 0),
(348, 12, 2, 0),
(348, 59, 1, 0),
(348, 100, 2, 0),
(349, 66, 50, 0),
(349, 99, 50, 0),
(350, 108, 40, 0),
(350, 96, 5, 0),
(351, 108, 50, 0),
(351, 88, 11, 0),
(351, 99, 25, 0),
(351, 66, 3, 0),
(351, 12, 5, 0),
(351, 93, 20, 0),
(351, 92, 9, 0),
(351, 1, 5, 0),
(352, 154, 8, 0),
(352, 150, 30, 0),
(352, 108, 30, 0),
(352, 96, 30, 0),
(352, 118, 5, 0),
(352, 101, 7, 0),
(352, 103, 8, 0),
(352, 153, 1, 0),
(353, 99, 50, 0),
(353, 96, 50, 0),
(353, 108, 50, 0),
(354, 21, 3, 0),
(354, 96, 6, 0),
(354, 66, 4, 0),
(354, 46, 2, 0),
(354, 108, 50, 0),
(354, 12, 2, 0),
(355, 20, 30, 0),
(355, 59, 10, 0),
(355, 12, 20, 0),
(355, 99, 50, 0),
(355, 228, 5, 0),
(355, 47, 10, 0),
(355, 130, 20, 0),
(355, 131, 5, 0),
(355, 126, 5, 0),
(355, 55, 5, 0),
(355, 164, 5, 0),
(355, 30, 5, 0),
(355, 43, 5, 0),
(355, 57, 2, 0),
(355, 66, 10, 0),
(356, 96, 10, 0),
(357, 95, 20, 0),
(357, 39, 30, 0),
(357, 87, 10, 0),
(358, 74, 3, 0),
(358, 76, 2, 0),
(359, 131, 5, 0),
(359, 126, 5, 0),
(359, 228, 5, 0),
(359, 55, 5, 0),
(359, 164, 5, 0),
(359, 57, 3, 0),
(359, 30, 5, 0),
(359, 25, 20, 0),
(359, 26, 20, 0),
(360, 20, 2, 0),
(360, 7, 3, 0),
(360, 1, 5, 0),
(360, 17, 3, 0),
(360, 103, 2, 0),
(360, 95, 5, 0),
(361, 150, 10, 0),
(361, 117, 10, 0),
(361, 95, 10, 0),
(361, 91, 8, 0),
(361, 14, 10, 0),
(361, 108, 20, 0),
(361, 4, 2, 0),
(361, 89, 1, 0),
(361, 118, 15, 0),
(361, 87, 9, 0),
(362, 108, 100, 0),
(362, 99, 20, 0),
(362, 87, 10, 0),
(363, 96, 33, 0),
(363, 108, 20, 0),
(363, 34, 3, 0),
(363, 51, 3, 0),
(363, 23, 3, 0),
(363, 1, 12, 0),
(364, 98, 10, 0),
(364, 95, 5, 0),
(365, 108, 10, 0),
(365, 99, 5, 0),
(365, 87, 5, 0),
(365, 66, 3, 0),
(365, 46, 2, 0),
(365, 117, 3, 0),
(366, 99, 50, 0),
(366, 66, 15, 0),
(366, 20, 30, 0),
(366, 59, 20, 0),
(366, 12, 10, 0),
(367, 108, 3, 0),
(367, 88, 1, 0),
(367, 99, 1, 0),
(368, 108, 200, 0),
(369, 108, 10, 0),
(369, 51, 5, 0),
(369, 23, 5, 0),
(369, 39, 5, 0),
(369, 48, 5, 0),
(369, 99, 10, 0),
(369, 66, 5, 0),
(370, 99, 50, 0),
(370, 95, 30, 0),
(370, 117, 7, 0),
(370, 117, 0, 38),
(371, 117, 5, 0),
(371, 99, 20, 0),
(371, 98, 10, 0),
(371, 95, 5, 0),
(371, 10, 3, 0),
(371, 67, 1, 0),
(372, 108, 10, 0),
(372, 99, 5, 0),
(373, 21, 3, 0),
(373, 96, 3, 0),
(373, 66, 2, 0),
(373, 108, 50, 0),
(374, 108, 1, 0),
(374, 54, 1, 0),
(374, 51, 1, 0),
(374, 99, 2, 0),
(374, 66, 1, 0),
(375, 80, 1, 0),
(375, 5, 1, 0),
(376, 58, 2, 0),
(376, 4, 2, 0),
(376, 6, 1, 0),
(376, 163, 10, 0),
(376, 162, 10, 0),
(376, 130, 5, 0),
(376, 131, 5, 0),
(376, 56, 10, 0),
(377, 18, 10, 0),
(377, 89, 5, 0),
(377, 90, 5, 0),
(377, 91, 5, 0),
(377, 92, 5, 0),
(377, 21, 5, 0),
(378, 99, 100, 0),
(379, 95, 100, 0),
(380, 127, 5, 0),
(380, 128, 5, 0),
(380, 129, 5, 0),
(380, 25, 5, 0),
(380, 26, 5, 0),
(380, 163, 5, 0),
(381, 99, 10, 0),
(381, 108, 10, 0),
(382, 32, 2, 0),
(382, 34, 1, 0),
(382, 39, 4, 0),
(383, 17, 3, 0),
(383, 7, 2, 0),
(383, 20, 2, 0),
(384, 38, 1, 0),
(384, 99, 2, 0),
(384, 24, 1, 0),
(384, 25, 1, 0),
(384, 108, 1, 0),
(385, 17, 2, 0),
(386, 130, 15, 0),
(386, 131, 12, 0),
(386, 127, 5, 0),
(386, 128, 5, 0),
(386, 129, 5, 0),
(386, 51, 5, 0),
(387, 74, 1, 0),
(387, 76, 1, 0),
(388, 17, 3, 0),
(389, 99, 15, 0),
(389, 98, 15, 0),
(390, 39, 1, 0),
(390, 99, 1, 0),
(390, 51, 3, 0),
(390, 203, 1, 0),
(390, 79, 2, 0),
(390, 108, 2, 0),
(391, 17, 2, 0),
(392, 108, 3, 0),
(393, 99, 5, 0),
(394, 99, 5, 0),
(395, 108, 1, 0),
(395, 99, 1, 0),
(395, 79, 1, 0),
(396, 95, 15, 0),
(397, 99, 20, 0),
(398, 108, 3, 0),
(398, 99, 1, 0),
(399, 108, 20, 0),
(400, 108, 30, 0),
(401, 76, 2, 0),
(402, 113, 1, 0),
(403, 99, 5, 0),
(404, 108, 40, 0),
(405, 99, 20, 0),
(406, 108, 30, 0),
(407, 108, 10, 0),
(408, 113, 1, 0);

-- --------------------------------------------------------

--
-- Table structure for table `detailtransaction_new`
--

CREATE TABLE `detailtransaction_new` (
  `TransactionId` int(5) NOT NULL,
  `ProductNo` int(5) NOT NULL,
  `Crt` int(11) NOT NULL,
  `Pcs` int(11) NOT NULL
) ENGINE=InnoDB DEFAULT CHARSET=latin1;

--
-- Dumping data for table `detailtransaction_new`
--

INSERT INTO `detailtransaction_new` (`TransactionId`, `ProductNo`, `Crt`, `Pcs`) VALUES
(1, 18, 10, 0),
(1, 89, 5, 0),
(1, 90, 5, 0),
(1, 91, 5, 0),
(1, 92, 5, 0),
(1, 21, 5, 0),
(2, 90, 5, 0),
(2, 91, 5, 0),
(2, 18, 10, 0),
(2, 87, 10, 0),
(3, 18, 5, 0),
(3, 87, 10, 0),
(4, 18, 80, 0),
(4, 92, 15, 0),
(5, 18, 5, 0),
(6, 90, 5, 0),
(6, 91, 5, 0),
(6, 66, 3, 0),
(6, 18, 10, 0),
(6, 21, 5, 0),
(7, 18, 25, 0),
(7, 66, 25, 0),
(7, 21, 30, 0),
(7, 93, 5, 0),
(7, 91, 5, 0),
(7, 90, 5, 0),
(7, 235, 5, 0),
(8, 90, 1, 0),
(8, 92, 2, 0),
(8, 18, 3, 0),
(8, 46, 1, 0),
(8, 66, 1, 0),
(9, 18, 20, 0),
(9, 21, 5, 0),
(10, 66, 150, 0),
(10, 12, 30, 0),
(10, 18, 125, 0),
(10, 87, 20, 0),
(10, 91, 20, 0),
(10, 92, 20, 0),
(10, 93, 20, 0),
(10, 21, 50, 0),
(10, 132, 10, 0),
(10, 133, 3, 0),
(11, 237, 1, 0),
(12, 90, 10, 0),
(12, 91, 10, 0),
(12, 21, 5, 0),
(12, 18, 5, 0),
(13, 18, 10, 0),
(13, 90, 15, 0),
(13, 91, 10, 0),
(13, 92, 8, 0),
(13, 93, 15, 0),
(13, 12, 3, 0),
(13, 46, 5, 0),
(13, 106, 1, 0),
(14, 88, 1, 0),
(14, 66, 1, 0),
(14, 91, 1, 0),
(14, 5, 1, 0),
(15, 18, 12, 0),
(15, 66, 9, 0),
(15, 12, 1, 0),
(16, 18, 3, 0),
(17, 21, 10, 0),
(17, 88, 5, 0),
(17, 66, 5, 0),
(17, 18, 5, 0),
(18, 18, 5, 0),
(18, 88, 5, 0),
(18, 66, 5, 0),
(19, 18, 1, 0),
(19, 66, 1, 0),
(20, 18, 25, 0),
(20, 92, 10, 0),
(20, 66, 15, 0),
(21, 66, 25, 0),
(21, 21, 15, 0),
(22, 81, 2, 0),
(23, 66, 5, 0),
(24, 81, 5, 0),
(25, 81, 2, 0),
(26, 81, 2, 0),
(27, 81, 5, 0),
(27, 80, 2, 0),
(27, 5, 1, 0),
(28, 81, 2, 0),
(28, 234, 1, 0),
(29, 87, 10, 0),
(29, 66, 5, 0),
(30, 66, 20, 0),
(30, 21, 10, 0),
(31, 234, 2, 0),
(32, 5, 7, 0);

-- --------------------------------------------------------

--
-- Table structure for table `headertransaction`
--

CREATE TABLE `headertransaction` (
  `TransactionId` int(5) NOT NULL,
  `Nota` varchar(11) NOT NULL,
  `CustomerId` int(5) NOT NULL,
  `CustomerName` varchar(100) NOT NULL,
  `TransactionDate` date NOT NULL,
  `Quantity` int(5) NOT NULL
) ENGINE=InnoDB DEFAULT CHARSET=latin1;

--
-- Dumping data for table `headertransaction`
--

INSERT INTO `headertransaction` (`TransactionId`, `Nota`, `CustomerId`, `CustomerName`, `TransactionDate`, `Quantity`) VALUES
(1, '189', 5, 'Bewok', '2016-08-01', 0),
(2, '190', 8, 'Toko Anggrek(Yanto)', '2016-08-02', 0),
(3, '191', 19, 'FREDDY ABC', '2016-08-05', 0),
(4, '192', 1, 'Toko Hoya', '2016-08-09', 0),
(5, '193', 8, 'Toko Anggrek(Yanto)', '2016-08-09', 0),
(6, '194', 5, 'Bewok', '2016-08-23', 0),
(7, '195', 20, 'yung ing', '2016-08-23', 0),
(8, '196', 8, 'Toko Anggrek(Yanto)', '2016-08-25', 0),
(9, '197', 19, 'FREDDY ABC', '2016-08-30', 0),
(10, '198', 8, 'Toko Anggrek(Yanto)', '2016-08-30', 0),
(11, '199', 21, 'MONALISA (MALA)', '2016-09-02', 0),
(13, '200', 5, 'Bewok', '2016-09-11', 0),
(14, '201', 5, 'Bewok', '2016-09-17', 0),
(15, '202', 22, 'franky wirawan', '2016-09-17', 0),
(16, '203', 5, 'Bewok', '2016-09-20', 0),
(17, '205', 19, 'FREDDY ABC', '2016-09-28', 0),
(18, '206', 8, 'Toko Anggrek(Yanto)', '2016-10-05', 0),
(19, '207', 5, 'Bewok', '2016-10-10', 0),
(20, '208', 19, 'FREDDY ABC', '2016-10-26', 0),
(21, '209', 22, 'franky wirawan', '2016-10-31', 0),
(22, '204', 15, 'Eko', '2016-09-24', 0),
(23, '210', 5, 'Bewok', '2016-11-07', 0),
(25, '211', 21, 'MONALISA (MALA)', '2016-11-07', 0),
(26, '212', 20, 'yung ing', '2016-11-12', 0),
(27, '213', 15, 'Eko', '2016-11-15', 0),
(28, '214', 17, 'Deden', '2016-11-18', 0),
(29, '215', 5, 'Bewok', '2016-11-18', 0),
(30, '216', 19, 'FREDDY ABC', '2016-11-26', 0),
(31, '217', 17, 'Deden', '2016-11-28', 0),
(32, '218', 16, 'Haji Nana', '2016-12-13', 0),
(33, '219', 6, 'Toko 33(Bang Ong)', '2016-12-15', 0),
(34, '220', 13, 'Susan', '2016-12-17', 0),
(35, '221', 23, 'WANMY', '2016-12-17', 0),
(36, '222', 7, 'Tulus Maju', '2016-12-19', 0),
(37, '223', 13, 'Susan', '2016-12-22', 0),
(38, '224', 17, 'Deden', '2016-12-22', 0),
(39, '225', 12, 'Asen', '2016-12-23', 0),
(40, '226', 17, 'Deden', '2016-12-25', 0),
(41, '227', 24, 'PAK WIN', '2016-12-26', 0),
(42, '228', 13, 'Susan', '2016-12-26', 0),
(43, '229', 16, 'Haji Nana', '2016-12-27', 0),
(44, '230', 5, 'Bewok', '2016-12-27', 0),
(45, '231', 17, 'Deden', '2016-12-29', 0),
(46, '232', 7, 'Tulus Maju', '2016-12-29', 0),
(47, '233', 17, 'Deden', '2016-12-30', 0),
(48, '234', 13, 'Susan', '2016-12-30', 0),
(49, '235', 25, 'BIONDI', '2016-12-30', 0),
(50, '236', 5, 'Bewok', '2016-12-31', 0),
(51, '237', 17, 'Deden', '2016-12-31', 0),
(52, '238', 25, 'BIONDI', '2016-12-31', 0),
(53, '239', 18, 'Terry', '2016-12-31', 0),
(55, '1', 15, 'Eko', '2017-01-18', 0),
(56, '2', 22, 'franky wirawan', '2017-01-18', 0),
(57, '3', 19, 'FREDDY ABC', '2017-02-10', 0),
(58, '4', 19, 'FREDDY ABC', '2017-02-23', 0),
(59, '5', 26, 'AKUANG', '2017-03-16', 0),
(60, '6', 19, 'FREDDY ABC', '2017-03-20', 0),
(61, '7', 27, 'LILY', '2017-03-20', 0),
(62, '8', 10, 'Asiong Wawan', '2017-03-30', 0),
(63, '9', 15, 'Eko', '2017-03-30', 0),
(64, '10', 29, 'DAVID', '2017-04-05', 0),
(65, '11', 10, 'Asiong Wawan', '2017-04-05', 0),
(66, '12', 1, 'Toko Hoya', '2017-04-05', 0),
(67, '13', 2, 'Toko Penguin', '2017-04-06', 0),
(68, '14', 30, 'NENI', '2017-04-07', 0),
(69, '15', 7, 'Tulus Maju', '2017-04-07', 0),
(70, '16', 11, 'Wawan', '2017-04-10', 0),
(71, '17', 8, 'Toko Anggrek(Yanto)', '2017-04-10', 0),
(72, '18', 31, 'HERRY', '2017-04-10', 0),
(73, '19', 15, 'Eko', '2017-04-10', 0),
(74, '20', 31, 'HERRY', '2017-04-11', 0),
(75, '21', 2, 'Toko Penguin', '2017-04-11', 0),
(76, '22', 8, 'Toko Anggrek(Yanto)', '2017-04-13', 0),
(77, '23', 32, 'YENNY', '2017-04-13', 0),
(78, '24', 10, 'Asiong Wawan', '2017-04-13', 0),
(79, '25', 1, 'Toko Hoya', '2017-04-18', 0),
(80, '26', 1, 'Toko Hoya', '2017-04-18', 0),
(81, '27', 16, 'Haji Nana', '2017-04-18', 0),
(82, '28', 19, 'FREDDY ABC', '2017-04-20', 0),
(83, '29', 1, 'Toko Hoya', '2017-04-25', 0),
(84, '30', 2, 'Toko Penguin', '2017-04-25', 0),
(85, '31', 8, 'Toko Anggrek(Yanto)', '2017-04-25', 0),
(86, '32', 19, 'FREDDY ABC', '2017-04-25', 0),
(87, '33', 21, 'MONALISA (MALA)', '2017-04-25', 0),
(88, '34', 9, 'Tulus Jaya', '2017-04-25', 0),
(89, '35', 8, 'Toko Anggrek(Yanto)', '2017-04-27', 0),
(90, '36', 30, 'NENI', '2017-04-27', 0),
(91, '37', 29, 'DAVID', '2017-04-27', 0),
(92, '38', 10, 'Asiong Wawan', '2017-04-29', 0),
(94, '39', 1, 'Toko Hoya', '2017-05-02', 0),
(95, '40', 16, 'Haji Nana', '2017-05-02', 0),
(96, '41', 2, 'Toko Penguin', '2017-05-03', 0),
(97, '42', 5, 'Bewok', '2017-05-04', 0),
(98, '43', 15, 'Eko', '2017-05-04', 0),
(99, '44', 9, 'Tulus Jaya', '2017-05-04', 0),
(100, '45', 8, 'Toko Anggrek(Yanto)', '2017-05-04', 0),
(101, '46', 30, 'NENI', '2017-05-04', 0),
(102, '47', 27, 'LILY', '2017-05-05', 0),
(103, '48', 10, 'Asiong Wawan', '2017-05-09', 0),
(104, '49', 5, 'Bewok', '2017-05-10', 0),
(105, '50', 1, 'Toko Hoya', '2017-05-10', 0),
(106, '51', 2, 'Toko Penguin', '2017-05-10', 0),
(107, '52', 11, 'Wawan', '2017-05-10', 0),
(108, '53', 7, 'Tulus Maju', '2017-05-10', 0),
(109, '54', 6, 'Toko 33(Bang Ong)', '2017-05-12', 0),
(110, '55', 1, 'Toko Hoya', '2017-05-12', 0),
(111, '56', 8, 'Toko Anggrek(Yanto)', '2017-05-12', 0),
(112, '57', 19, 'FREDDY ABC', '2017-05-13', 0),
(113, '58', 33, 'SUBUR CELL', '2017-05-13', 0),
(114, '59', 12, 'Asen', '2017-05-14', 0),
(115, '60', 13, 'Susan', '2017-05-14', 0),
(116, '61', 19, 'FREDDY ABC', '2017-05-15', 0),
(117, '62', 30, 'NENI', '2017-05-15', 0),
(118, '63', 5, 'Bewok', '2017-05-17', 0),
(119, '64', 14, 'Mei\r\n', '2017-05-17', 0),
(120, '65', 1, 'Toko Hoya', '2017-05-17', 0),
(121, '66', 8, 'Toko Anggrek(Yanto)', '2017-05-17', 0),
(122, '67', 1, 'Toko Hoya', '2017-05-19', 0),
(123, '68', 22, 'franky wirawan', '2017-05-19', 0),
(124, '69', 19, 'FREDDY ABC', '2017-05-20', 0),
(125, '70', 31, 'HERRY', '2017-05-20', 0),
(126, '71', 13, 'Susan', '2017-05-20', 0),
(127, '72', 8, 'Toko Anggrek(Yanto)', '2017-05-20', 0),
(128, '73', 12, 'Asen', '2017-05-20', 0),
(129, '74', 19, 'FREDDY ABC', '2017-05-22', 0),
(130, '75', 19, 'FREDDY ABC', '2017-05-23', 0),
(131, '76', 15, 'Eko', '2017-05-23', 0),
(132, '77', 2, 'Toko Penguin', '2017-05-23', 0),
(133, '78', 10, 'Asiong Wawan', '2017-05-24', 0),
(134, '79', 19, 'FREDDY ABC', '2017-05-24', 0),
(135, '80', 1, 'Toko Hoya', '2017-05-24', 0),
(136, '81', 7, 'Tulus Maju', '2017-05-24', 0),
(137, '82', 5, 'Bewok', '2017-05-25', 0),
(138, '83', 30, 'NENI', '2017-05-25', 0),
(139, '84', 1, 'Toko Hoya', '2017-05-26', 0),
(140, '85', 8, 'Toko Anggrek(Yanto)', '2017-05-26', 0),
(141, '86', 0, 'Mei\r\n', '2017-05-28', 0),
(142, '87', 12, 'Asen', '2017-05-29', 0),
(143, '88', 15, 'Eko', '2017-05-29', 0),
(144, '89', 19, 'FREDDY ABC', '2017-05-29', 0),
(146, '90', 27, 'LILY', '2017-05-29', 0),
(147, '91', 13, 'Susan', '2017-05-29', 0),
(149, '92', 9, 'Tulus Jaya', '2017-05-29', 0),
(150, '93', 10, 'Asiong Wawan', '2017-05-30', 0),
(151, '94', 5, 'Bewok', '2017-05-30', 0),
(152, '95', 1, 'Toko Hoya', '2017-05-30', 0),
(153, '96', 5, 'Bewok', '2017-05-31', 0),
(154, '97', 10, 'Asiong Wawan', '2017-05-31', 0),
(155, '98', 1, 'Toko Hoya', '2017-05-31', 0),
(156, '99', 11, 'Wawan', '2017-05-31', 0),
(157, '100', 2, 'Toko Penguin', '2017-05-31', 0),
(158, '101', 5, 'Bewok', '2017-06-02', 0),
(159, '102', 19, 'FREDDY ABC', '2017-06-02', 0),
(160, '103', 1, 'Toko Hoya', '2017-06-02', 0),
(161, '104', 2, 'Toko Penguin', '2017-06-02', 0),
(162, '105', 12, 'Asen', '2017-06-03', 0),
(163, '106', 15, 'Eko', '2017-06-03', 0),
(164, '107', 31, 'HERRY', '2017-06-03', 0),
(165, '108', 8, 'Toko Anggrek(Yanto)', '2017-06-03', 0),
(166, '109', 32, 'YENNY', '2017-06-03', 0),
(167, '110', 0, 'Mei\r\n', '2017-06-04', 0),
(168, '111', 13, 'Susan', '2017-06-04', 0),
(169, '112', 12, 'Asen', '2017-06-05', 0),
(172, '113', 1, 'Toko Hoya', '2017-06-05', 0),
(173, '114', 0, 'Mei\r\n', '2017-06-05', 0),
(174, '115', 13, 'Susan', '2017-06-05', 0),
(175, '116', 7, 'Tulus Maju', '2017-06-05', 0),
(176, '117', 5, 'Bewok', '2017-06-07', 0),
(177, '118', 15, 'Eko', '2017-06-07', 0),
(178, '119', 8, 'Toko Anggrek(Yanto)', '2017-06-07', 0),
(179, '120', 10, 'Asiong Wawan', '2017-06-08', 0),
(180, '121', 1, 'Toko Hoya', '2017-06-08', 0),
(181, '122', 0, 'Mei\r\n', '2017-06-08', 0),
(182, '123', 9, 'Tulus Jaya', '2017-06-09', 0),
(183, '124', 10, 'Asiong Wawan', '2017-06-10', 0),
(184, '125', 11, 'Wawan', '2017-06-10', 0),
(185, '126', 5, 'Bewok', '2017-06-11', 0),
(186, '127', 32, 'YENNY', '2017-06-11', 0),
(187, '128', 1, 'Toko Hoya', '2017-06-12', 0),
(188, '129', 2, 'Toko Penguin', '2017-06-12', 0),
(190, '130', 11, 'Wawan', '2017-06-12', 0),
(191, '131', 8, 'Toko Anggrek(Yanto)', '2017-06-12', 0),
(192, '132', 5, 'Bewok', '2017-06-13', 0),
(193, '133', 1, 'Toko Hoya', '2017-06-13', 0),
(194, '134', 2, 'Toko Penguin', '2017-06-13', 0),
(195, '135', 27, 'LILY', '2017-06-14', 0),
(196, '136', 7, 'Tulus Maju', '2017-06-14', 0),
(197, '137', 15, 'Eko', '2017-06-14', 0),
(198, '138', 1, 'Toko Hoya', '2017-06-15', 0),
(199, '139', 2, 'Toko Penguin', '2017-06-15', 0),
(200, '140', 11, 'Wawan', '2017-06-15', 0),
(201, '141', 32, 'YENNY', '2017-06-15', 0),
(202, '142', 5, 'Bewok', '2017-06-21', 0),
(203, '143', 5, 'Bewok', '2017-06-22', 0),
(204, '144', 5, 'Bewok', '2017-06-23', 0),
(205, '145', 5, 'Bewok', '2017-06-24', 0),
(206, '146', 5, 'Bewok', '2017-06-30', 0),
(207, '147', 5, 'Bewok', '2017-07-05', 0),
(208, '148', 22, 'franky wirawan', '2017-07-07', 0),
(209, '149', 21, 'MONALISA (MALA)', '2017-07-08', 0),
(210, '150', 19, 'FREDDY ABC', '2017-07-08', 0),
(211, '151', 5, 'Bewok', '2017-07-10', 0),
(212, '152', 5, 'Bewok', '2017-07-18', 0),
(213, '153', 22, 'franky wirawan', '2017-07-20', 0),
(214, '154', 19, 'FREDDY ABC', '2017-08-05', 0),
(215, '155', 33, 'SUBUR CELL', '2017-08-05', 0),
(216, '156', 5, 'Bewok', '2017-08-11', 0),
(217, '157', 31, 'HERRY', '2017-08-15', 0),
(218, '158', 5, 'Bewok', '2017-08-19', 0),
(219, '159', 11, 'Wawan', '2017-08-22', 0),
(220, '160', 22, 'franky wirawan', '2017-08-26', 0),
(221, '161', 19, 'FREDDY ABC', '2017-09-08', 0),
(222, '162', 31, 'HERRY', '2017-09-15', 0),
(223, '163', 19, 'FREDDY ABC', '2017-09-27', 0),
(224, '164', 33, 'SUBUR CELL', '2017-09-30', 0),
(225, '165', 5, 'Bewok', '2017-09-30', 0),
(226, '166', 5, 'Bewok', '2017-10-10', 0),
(227, '167', 22, 'franky wirawan', '2017-10-11', 0),
(228, '168', 31, 'HERRY', '2017-10-11', 0),
(229, '169', 11, 'Wawan', '2017-10-11', 0),
(230, '170', 8, 'Toko Anggrek(Yanto)', '2017-10-11', 0),
(231, '171', 5, 'Bewok', '2017-10-27', 0),
(232, '172', 19, 'FREDDY ABC', '2017-10-28', 0),
(233, '173', 5, 'Bewok', '2017-11-11', 0),
(234, '174', 15, 'Eko', '2017-11-15', 0),
(235, '175', 19, 'FREDDY ABC', '2017-11-16', 0),
(236, '176', 22, 'franky wirawan', '2017-11-17', 0),
(238, '177', 19, 'FREDDY ABC', '2017-11-20', 0),
(239, '178', 31, 'HERRY', '2017-11-21', 0),
(240, '179', 5, 'Bewok', '2017-11-24', 0),
(241, '180', 15, 'Eko', '2017-11-24', 0),
(242, '181', 5, 'Bewok', '2017-11-24', 0),
(243, '182', 21, 'MONALISA (MALA)', '2017-11-27', 0),
(244, '183', 15, 'Eko', '2017-12-04', 0),
(245, '184', 5, 'Bewok', '2017-12-07', 0),
(247, '185', 19, 'FREDDY ABC', '2017-12-08', 0),
(248, '186', 13, 'Susan', '2017-12-09', 0),
(250, '187', 12, 'Asen', '2017-12-09', 0),
(251, '188', 34, 'cash', '2017-12-10', 0),
(252, '189', 35, 'zainal polisi', '2017-12-13', 0),
(253, '190', 17, 'Deden', '2017-12-14', 0),
(254, '191', 34, 'cash', '2017-12-15', 0),
(255, '192', 18, 'Terry', '2017-12-15', 0),
(257, '193', 7, 'Tulus Maju', '2017-12-15', 0),
(258, '194', 17, 'Deden', '2017-12-19', 0),
(259, '195', 5, 'Bewok', '2017-12-19', 0),
(260, '196', 15, 'Eko', '2017-12-19', 0),
(261, '197', 13, 'Susan', '2017-12-23', 0),
(262, '198', 8, 'Toko Anggrek(Yanto)', '2017-12-24', 0),
(263, '199', 36, 'KABSUDIT IV', '2017-12-26', 0),
(264, '200', 37, 'KANIT PENGAWALAN', '2017-12-26', 0),
(265, '201', 38, 'YAMIN POLDA', '2017-12-26', 0),
(266, '202', 39, 'YANMARS MABES', '2017-12-26', 0),
(267, '203', 40, 'YONGKIE', '2017-12-26', 0),
(268, '204', 34, 'cash', '2017-12-28', 0),
(269, '205', 18, 'Terry', '2017-12-29', 0),
(270, '206', 40, 'YONGKIE', '2017-12-29', 0),
(271, '207', 18, 'Terry', '2017-12-29', 0),
(272, '208', 5, 'Bewok', '2017-12-30', 0),
(273, '209', 18, 'Terry', '2017-12-30', 0),
(274, '210', 34, 'cash', '2017-12-30', 0),
(275, '1', 31, 'HERRY', '2018-01-05', 0),
(276, '2', 5, 'Bewok', '2018-01-10', 0),
(277, '3', 5, 'Bewok', '2018-01-25', 0),
(278, '4', 5, 'Bewok', '2018-01-29', 0),
(279, '5', 22, 'franky wirawan', '2018-01-29', 0),
(280, '6', 21, 'MONALISA (MALA)', '2018-02-02', 0),
(281, '7', 33, 'SUBUR CELL', '2018-06-08', 0),
(282, '8', 5, 'Bewok', '2018-02-08', 0),
(283, '9', 8, 'Toko Anggrek(Yanto)', '2018-02-19', 0),
(284, '10', 31, 'HERRY', '2018-02-22', 0),
(285, '11', 5, 'Bewok', '2018-02-25', 0),
(286, '12', 11, 'Wawan', '2018-02-26', 0),
(287, '13', 11, 'Wawan', '2018-02-27', 0),
(288, '14', 41, 'LEMAN', '2018-02-28', 0),
(289, '15', 33, 'SUBUR CELL', '2018-02-28', 0),
(290, '16', 11, 'Wawan', '2018-03-01', 0),
(291, '17', 19, 'FREDDY ABC', '2018-03-05', 0),
(292, '18', 5, 'Bewok', '2018-03-14', 0),
(293, '19', 31, 'HERRY', '2018-03-16', 0),
(294, '20', 8, 'Toko Anggrek(Yanto)', '2018-03-16', 0),
(296, '21', 33, 'SUBUR CELL', '2018-03-26', 0),
(297, '22', 5, 'Bewok', '2018-03-26', 0),
(298, '23', 22, 'franky wirawan', '2018-03-28', 0),
(299, '24', 5, 'Bewok', '2018-04-03', 0),
(300, '25', 1, 'Toko Hoya', '2018-04-05', 0),
(301, '26', 34, 'cash', '2018-04-06', 0),
(302, '27', 31, 'HERRY', '2018-04-09', 0),
(303, '28', 8, 'Toko Anggrek(Yanto)', '2018-04-11', 0),
(304, '29', 5, 'Bewok', '2018-04-16', 0),
(305, '30', 8, 'Toko Anggrek(Yanto)', '2018-04-16', 0),
(306, '31', 15, 'Eko', '2018-04-16', 0),
(307, '32', 3, 'Toko Rajawali', '2018-04-16', 0),
(308, '33', 1, 'Toko Hoya', '2018-04-17', 0),
(309, '34', 9, 'Tulus Jaya', '2018-04-17', 0),
(310, '35', 7, 'Tulus Maju', '2018-04-17', 0),
(311, '36', 3, 'Toko Rajawali', '2018-04-18', 0),
(312, '37', 2, 'Toko Penguin', '2018-04-21', 0),
(313, '38', 11, 'Wawan', '2018-04-21', 0),
(314, '39', 1, 'Toko Hoya', '2018-04-23', 0),
(316, '40', 3, 'Toko Rajawali', '2018-04-23', 0),
(317, '41', 31, 'HERRY', '2018-04-24', 0),
(318, '42', 2, 'Toko Penguin', '2018-04-26', 0),
(319, '43', 9, 'Tulus Jaya', '2018-04-27', 0),
(320, '44', 5, 'Bewok', '2018-04-29', 0),
(321, '45', 1, 'Toko Hoya', '2018-04-30', 0),
(322, '46', 2, 'Toko Penguin', '2018-04-30', 0),
(323, '47', 34, 'cash', '2018-04-30', 0),
(324, '48', 8, 'Toko Anggrek(Yanto)', '2018-04-30', 0),
(326, '49', 1, 'Toko Hoya', '2018-05-03', 0),
(327, '50', 5, 'Bewok', '2018-05-03', 0),
(328, '51', 8, 'Toko Anggrek(Yanto)', '2018-05-03', 0),
(329, '52', 42, 'yung ing', '2018-05-04', 0),
(330, '53', 12, 'Asen', '2018-05-04', 0),
(331, '54', 15, 'Eko', '2018-05-05', 0),
(332, '55', 31, 'HERRY', '2018-05-05', 0),
(333, '56', 17, 'Deden', '2018-05-05', 0),
(334, '57', 12, 'Asen', '2018-05-06', 0),
(335, '58', 2, 'Toko Penguin', '2018-05-07', 0),
(336, '59', 1, 'Toko Hoya', '2018-05-08', 0),
(337, '60', 42, 'yung ing', '2018-05-08', 0),
(338, '61', 15, 'Eko', '2018-05-09', 0),
(339, '62', 0, 'Mei\r\n', '2018-05-10', 0),
(340, '63', 12, 'Asen', '2018-05-10', 0),
(341, '64', 1, 'Toko Hoya', '2018-05-11', 0),
(342, '65', 9, 'Tulus Jaya', '2018-05-11', 0),
(343, '66', 3, 'Toko Rajawali', '2018-05-11', 0),
(344, '67', 7, 'Tulus Maju', '2018-05-11', 0),
(345, '68', 1, 'Toko Hoya', '2018-05-14', 0),
(346, '69', 5, 'Bewok', '2018-05-14', 0),
(347, '70', 15, 'Eko', '2018-05-14', 0),
(348, '71', 43, 'LIE TJEN ', '2018-05-14', 0),
(349, '72', 1, 'Toko Hoya', '2018-05-16', 0),
(350, '73', 31, 'HERRY', '2018-05-16', 0),
(351, '74', 0, 'Mei\r\n', '2018-05-17', 0),
(352, '75', 15, 'Eko', '2018-05-18', 0),
(353, '76', 11, 'Wawan', '2018-05-18', 0),
(354, '77', 8, 'Toko Anggrek(Yanto)', '2018-05-18', 0),
(355, '78', 1, 'Toko Hoya', '2018-05-19', 0),
(356, '79', 44, 'AKIM', '2018-05-20', 0),
(357, '80', 1, 'Toko Hoya', '2018-05-21', 0),
(358, '81', 33, 'SUBUR CELL', '2018-05-21', 0),
(359, '82', 1, 'Toko Hoya', '2018-05-22', 0),
(360, '83', 12, 'Asen', '2018-05-22', 0),
(361, '84', 15, 'Eko', '2018-05-22', 0),
(362, '85', 2, 'Toko Penguin', '2018-05-22', 0),
(363, '86', 11, 'Wawan', '2018-05-22', 0),
(364, '87', 0, 'Mei\r\n', '2018-05-24', 0),
(365, '88', 7, 'Tulus Maju', '2018-05-24', 0),
(366, '89', 1, 'Toko Hoya', '2018-05-26', 0),
(367, '90', 5, 'Bewok', '2018-05-28', 0),
(368, '91', 3, 'Toko Rajawali', '2018-05-28', 0),
(369, '92', 6, 'Toko 33(Bang Ong)', '2018-05-29', 0),
(370, '93', 1, 'Toko Hoya', '2018-05-30', 0),
(371, '94', 0, 'Mei\r\n', '2018-05-30', 0),
(372, '95', 7, 'Tulus Maju', '2018-05-30', 0),
(373, '96', 8, 'Toko Anggrek(Yanto)', '2018-05-30', 0),
(374, '97', 5, 'Bewok', '2018-05-31', 0),
(375, '7', 33, 'SUBUR CELL', '2018-02-08', 0),
(376, '99', 15, 'Eko', '2018-06-05', 0),
(378, '100', 1, 'Toko Hoya', '2018-06-05', 0),
(379, '98', 3, 'Toko Rajawali', '2018-06-04', 0),
(380, '101', 6, 'Toko 33(Bang Ong)', '2018-06-05', 0),
(381, '102', 7, 'Tulus Maju', '2018-06-06', 0),
(382, '103', 15, 'Eko', '2018-06-07', 0),
(383, '105', 12, 'Asen', '2018-06-08', 0),
(384, '107', 5, 'Bewok', '2018-06-08', 0),
(385, '108', 43, 'LIE TJEN ', '2018-06-08', 0),
(386, '109', 1, 'Toko Hoya', '2018-06-08', 0),
(387, '110', 22, 'franky wirawan', '2018-06-09', 0),
(388, '111', 12, 'Asen', '2018-06-09', 0),
(389, '112', 0, 'Mei\r\n', '2018-06-09', 0),
(390, '113', 5, 'Bewok', '2018-06-10', 0),
(391, '114', 43, 'LIE TJEN ', '2018-06-11', 0),
(392, '115', 5, 'Bewok', '2018-06-12', 0),
(393, '116', 12, 'Asen', '2018-06-21', 0),
(394, '117', 0, 'Mei\r\n', '2018-06-21', 0),
(395, '118', 5, 'Bewok', '2018-06-23', 0),
(396, '119', 15, 'Eko', '2018-06-24', 0),
(397, '120', 1, 'Toko Hoya', '2018-06-26', 0),
(398, '121', 5, 'Bewok', '2018-07-04', 0),
(399, '122', 11, 'Wawan', '2018-07-05', 0),
(400, '123', 31, 'HERRY', '2018-07-05', 0),
(401, '128', 21, 'MONALISA (MALA)', '2018-07-13', 0),
(402, '130', 33, 'SUBUR', '2018-07-25', 0),
(403, '131', 14, 'Mei\r\n', '2018-07-30', 0),
(404, '132', 31, 'HERRY', '2018-08-03', 0),
(405, '133', 1, 'Toko Hoya', '2018-08-03', 0),
(406, '134', 11, 'Wawan', '2018-08-09', 0),
(407, '137', 42, 'yung ing', '2018-08-11', 0),
(408, '135', 33, 'SUBUR CELL', '2018-08-09', 0);

-- --------------------------------------------------------

--
-- Table structure for table `headertransaction_new`
--

CREATE TABLE `headertransaction_new` (
  `TransactionId` int(5) NOT NULL,
  `Nota` varchar(11) NOT NULL,
  `CustomerId` int(5) NOT NULL,
  `CustomerName` varchar(100) NOT NULL,
  `TransactionDate` date NOT NULL,
  `Quantity` int(5) NOT NULL
) ENGINE=InnoDB DEFAULT CHARSET=latin1;

--
-- Dumping data for table `headertransaction_new`
--

INSERT INTO `headertransaction_new` (`TransactionId`, `Nota`, `CustomerId`, `CustomerName`, `TransactionDate`, `Quantity`) VALUES
(1, '99B', 15, 'Eko', '2018-06-05', 0),
(2, '101B', 6, 'Toko 33(Bang Ong)', '2018-06-05', 0),
(3, '102B', 7, 'Tulus Maju', '2018-06-06', 0),
(4, '103B', 15, 'Eko', '2018-06-07', 0),
(5, '104B', 32, 'YENNY', '2018-06-08', 0),
(6, '105B', 12, 'Asen', '2018-06-08', 0),
(7, '106B', 14, 'Mei\r\n', '2018-06-08', 0),
(8, '107B', 5, 'Bewok', '2018-06-08', 0),
(9, '108B', 43, 'LIE TJEN ', '2018-06-08', 0),
(10, '109B', 1, 'Toko Hoya', '2018-06-08', 0),
(11, '110B', 22, 'franky wirawan', '2018-06-09', 0),
(12, '111B', 12, 'Asen', '2018-06-09', 0),
(13, '112B', 14, 'Mei\r\n', '2018-06-09', 0),
(14, '113B', 5, 'Bewok', '2018-06-10', 0),
(15, '114B', 43, 'LIE TJEN ', '2018-06-11', 0),
(16, '115B', 5, 'Bewok', '2018-06-12', 0),
(17, '116B', 12, 'Asen', '2018-06-21', 0),
(18, '117B', 14, 'Mei\r\n', '2018-06-21', 0),
(19, '118B', 5, 'Bewok', '2018-06-23', 0),
(20, '119B', 15, 'Eko', '2018-06-24', 0),
(21, '120B', 1, 'Toko Hoya', '2018-06-26', 0),
(22, '124B', 41, 'LEMAN', '2018-07-06', 0),
(23, '125B', 46, 'ANDY(BANDUNG)', '2018-07-09', 0),
(24, '126B', 33, 'SUBUR CELL', '2018-07-10', 0),
(25, '127B', 45, 'ALIONG', '2018-07-10', 0),
(26, '128B', 21, 'MONALISA (MALA)', '2018-07-13', 0),
(27, '129B', 19, 'FREDDY ABC', '2018-07-14', 0),
(28, '130B', 33, 'SUBUR CELL', '2018-07-25', 0),
(29, '131B', 14, 'Mei\r\n', '2018-07-30', 0),
(30, '133B', 1, 'Toko Hoya', '2018-08-03', 0),
(31, '135B', 33, 'SUBUR CELL', '2018-08-09', 0),
(32, '136B', 19, 'FREDDY ABC', '2018-08-09', 0);

-- --------------------------------------------------------

--
-- Table structure for table `mscustomer`
--

CREATE TABLE `mscustomer` (
  `CustomerId` int(5) NOT NULL,
  `CustomerName` varchar(200) NOT NULL,
  `Address` varchar(200) NOT NULL,
  `Telephone` varchar(100) NOT NULL
) ENGINE=InnoDB DEFAULT CHARSET=latin1;

--
-- Dumping data for table `mscustomer`
--

INSERT INTO `mscustomer` (`CustomerId`, `CustomerName`, `Address`, `Telephone`) VALUES
(1, 'Toko Hoya', '', ''),
(2, 'Toko Penguin', '', ''),
(3, 'Toko Rajawali', '', ''),
(4, 'Toko Oke', '', ''),
(5, 'Bewok', '', ''),
(6, 'Toko 33(Bang Ong)', '', ''),
(7, 'Tulus Maju', '', ''),
(8, 'Toko Anggrek(Yanto)', '', ''),
(9, 'Tulus Jaya', '', ''),
(10, 'Asiong Wawan', '', ''),
(11, 'Wawan', '', ''),
(12, 'Asen', '', ''),
(13, 'Susan', '', ''),
(14, 'Mei\r\n', '', ''),
(15, 'Eko', '', ''),
(16, 'Haji Nana', '', ''),
(17, 'Deden', '', ''),
(18, 'Terry', '', ''),
(19, 'FREDDY ABC', '', ''),
(20, 'yung ing', '', ''),
(21, 'MONALISA (MALA)', '', ''),
(22, 'franky wirawan', '', ''),
(23, 'WANMY', '', ''),
(24, 'PAK WIN', '', ''),
(25, 'BIONDI', '', ''),
(26, 'AKUANG', '', ''),
(27, 'LILY', '', ''),
(28, 'DAVID', '', ''),
(29, 'DAVID', '', ''),
(30, 'NENI', '', ''),
(31, 'HERRY', '', ''),
(32, 'YENNY', '', ''),
(33, 'SUBUR CELL', '', ''),
(34, 'cash', '', ''),
(35, 'zainal polisi', '', ''),
(36, 'KABSUDIT IV', '', ''),
(37, 'KANIT PENGAWALAN', '', ''),
(38, 'YAMIN POLDA', '', ''),
(39, 'YANMARS MABES', '', ''),
(40, 'YONGKIE', '', ''),
(41, 'LEMAN', '', ''),
(42, 'yung ing', '', ''),
(43, 'LIE TJEN ', '', ''),
(44, 'AKIM', '', ''),
(45, 'ALIONG', '', ''),
(46, 'ANDY (BANDUNG)', '', '');

-- --------------------------------------------------------

--
-- Table structure for table `msproduct`
--

CREATE TABLE `msproduct` (
  `ID` int(11) NOT NULL,
  `code` varchar(100) DEFAULT NULL,
  `detail` text,
  `type` varchar(50) DEFAULT NULL,
  `packing` varchar(100) DEFAULT NULL,
  `crt` int(11) DEFAULT NULL,
  `pcs` int(11) DEFAULT NULL
) ENGINE=InnoDB DEFAULT CHARSET=utf8;

--
-- Dumping data for table `msproduct`
--

INSERT INTO `msproduct` (`ID`, `code`, `detail`, `type`, `packing`, `crt`, `pcs`) VALUES
(1, 'FD0440', 'FD0440 Moon Travel 0.2 inch  50/12/12', 'Cake', '50/12/12', 0, 0),
(2, '0445D', '0445D 3 Whistling 20/20/3', '', '20/20/3', 44, 17),
(3, 'FD002', 'FD002 Foncake 7s 40/1', 'Cake', '40/1', 5, 38),
(4, 'FD0205', 'FD0205 Cracking Ball 20/12/6', '', '20/12/6', 11, 0),
(5, 'FD999', 'FD999 Waterfall Indoor 40s 60m', 'Cake', '', 41, 0),
(6, 'FD006', 'FD006 Flower Power Fountain 24/10', '', '24/10', 8, 1),
(7, 'FD0114', 'FD0114 Orioles Sing 240/12', '', '240/12', 27, 0),
(8, 'FD0115', 'FD0115 Orioles Sing w/ Crackling 240/12', '', '240/12', 134, 0),
(9, 'FD0204', 'FD0204 Magic Whip 25 Cm 72/12', '', '72/12', 9, 0),
(10, 'FD0204-80', 'FD0204-80 Magic Whip 25 Cm 72/12', '', '72/12', 44, 0),
(11, 'FD0210', 'FD0210 Pulling Firewerks 20/144/12', 'Cake', '20/144/12', 100, 0),
(12, 'FD0281', 'FD0281 Luftheuler Whistling 30/10/20', 'Cake', '30/10/20', 66, 0),
(13, 'FD0282', 'FD0282 Luftheuler Crackling 30/10/20', 'Cake', '30/10/20', 223, 0),
(14, 'FD0345 ', 'FD0345 20s Chang Dragons 36/4', '', '36/4', 25, 0),
(15, 'FD0439', 'FD0439 Bumble Bee 300/12', 'Cake', '300/12', 5, 0),
(16, 'FD0519', 'FD0519 Eagles 15s 24/10', 'Cake', '24/10', 0, 0),
(17, 'FD0534', 'FD0534 Butterfly 36/12', '', '36/12', 40, 0),
(18, 'FD0819', 'FD0819 Assorted Ninja Ball 20/12/6 (Batu)', 'Cake', '20/12/6', 191, 0),
(19, 'FD0860', 'FD0860 SmokeBallPaper 20/12/6', '', '20/12/6', 0, 0),
(20, 'FD0901C', 'FD0901C Ground Bloom 20/12/6 (B)', 'Cake', '20/12/6', 74, 0),
(21, 'FD101', 'FD101 Rubbing Bang 18/50/10', 'Cake', '18/50/10', 865, 0),
(22, 'FD1005', 'FD1005 5 S ROMAN CANDLE DOUBLE BREAK 20/2', '', '20/2', 0, 0),
(23, 'FD1010', 'FD1010 10s Roman Candles 0.8 inch  36/2', 'Roman Candles', '36/2', 163, -27),
(24, 'FD1011', 'FD1011 10s Roman Candles 0.8 inch  36/2', 'Roman Candles', '36/2', 191, -10),
(25, 'FD1012', 'FD1012 10s Roman Candles 1 inch  20/2', 'Roman Candles', '20/2', 136, 16),
(26, 'FD1015', 'FD1015 10s Roman Candles 1 inch  20/2', 'Roman Candles', '20/2', 131, 0),
(27, 'FD1019', 'FD1019 8s Roman Candles 0.9 inch  24/2', 'Cake', '24/2', 0, 0),
(28, 'FD1037', 'FD1037 5s Roman Candles 0.8 inch  24/4', 'Roman Candles', '24/4', 0, 1),
(29, 'FD1039', 'FD1039 8s Roman Candles 0.9 inch  24/2', 'Cake', '24/2', 0, 0),
(30, 'FD1043', 'FD1043 6s Roman Candles 1 inch  24/2', 'Roman Candles', '24/2', 99, 0),
(31, 'FD1051', 'FD1051 5s Roman Candles 0.75 inch  48/2', 'Roman Candles', '48/2', 0, 0),
(32, 'FD1052', 'FD1052 5s Roman Candles 0.75 inch  48/2', 'Roman Candles', '48/2', 27, 47),
(33, 'FD1053', 'FD1053 5s Roman Candles 0.8 inch  24/4', 'Roman Candles', '24/4', 146, 0),
(34, 'FD1054', 'FD1054 5s Roman Candles 0.8 inch  48/2', 'Cake', '48/2', 1, 9),
(35, 'FD1056', 'FD1056 5s Roman Candles 0.75 inch  48/2', 'Roman Candles', '48/2', 0, 0),
(36, 'FD1057', 'FD1057 5s Roman Candles 0.75 inch  24/4', 'Roman Candles', '24/4', 12, 0),
(37, 'FD1070', 'FD1070 5s Roman Candles 0.75 inch  24/4', 'Roman Candles', '24/4', 0, 0),
(38, 'FD1071', 'FD1071 5s Roman Candles 0.75 inch  48/2', 'Cake', '48/2', 2, 30),
(39, 'FD1072', 'FD1072 5s Roman Candles 0.8 inch  48/2', 'Roman Candles', '48/2', 22, 0),
(40, 'FD1073', 'FD1073 5s Roman Candles 0.8 inch  24/4', 'Roman Candles', '24/4', 1, 0),
(41, 'FD1084', 'FD1084 8s Blue Coconut 1.2 inch  25/1', '', '25/1', 98, 0),
(42, 'FD1085', 'FD1085 8s Roman Candles 1.5 inch  18/1', 'Cake', '18/1', 75, 0),
(43, 'FD1087', 'FD1087 8s Roman Candles 1 inch  24/2', 'Cake', '24/2', 88, 0),
(44, 'FD1130', 'FD1130 25 Missile 30/4', '', '30/4', 81, 0),
(45, 'FD1130-50', 'FD1130-50 Saturn Missile 50 30/2', '', '30/2', 4, 0),
(46, 'FD1131', 'FD1131 Black Snake 24/48/6', 'Cake', '24/48/6', 294, 0),
(47, 'FD1201', 'FD1201 12s Roman Candle 20/2', 'Roman Candles', '20/2', 91, 0),
(48, 'FD1206', 'FD1206 6s Navy 24/4', '', '24/4', 50, 0),
(49, 'FD1208', 'FD1208 8 S R/C 1.2 inch  36/1', '', '36/1', 66, 0),
(50, 'FD1210', 'FD1210 10 ROMAN CANDLE 1.2 inch  25/1', 'Roman Candles', '25/1', 2, 0),
(51, 'FD12-242', 'FD12-242 8s Roman Candles 0.8 inch  24/4', 'Roman Candles', '24/4', 105, -9),
(52, 'FD1233', 'FD1233 5s RC Triple Breaks 1.2 inch  18/1', '', '18/1', 39, 0),
(53, 'FD152B', 'FD152B Spinning & Flash 60/24', '', '60/24', 1, 0),
(54, 'FD1508', 'FD1508 8 S R/C 1.5 inch  20/1', 'Cake', '20/1', 2, 7),
(55, 'FD1510', 'FD 1510 10 S R/C 1.5 inch  18/1', '', '18/1', 8, 0),
(56, 'FD2-018', 'FD2-018 8s Roman Candles 20/2', 'Roman Candles', '20/2', 11, 0),
(57, 'FD2-128', 'FD2-128 8s Roman Candles 25/1', 'Roman Candles', '25/1', 56, 0),
(58, 'FD2115', 'FD2115 Piro 60/24', '', '60/24', 163, 31),
(59, 'FD2068', 'FD2068 Knocking Ball 24/12/2 0.5 inch ', 'Cake', '24/12/2', 2, 0),
(60, 'FD2218', 'FD2218 10s Color Pearls 60/12', '', '60/12', 0, 0),
(61, 'FD2219', 'FD2219 20s Color Pearls 24/12', '', '24/12', 2, 0),
(62, 'FD2220', 'FD2220 30s Color Pearls 36/12', '', '36/12', 0, 0),
(63, 'FD2507', 'FD2507 48s Color Pearl Flower 24/4', '', '24/4', 0, 0),
(64, 'FD2635', 'FD2635 Air Mancur Kobra 24/6', '', '24/6', 2, 0),
(65, 'FD301', 'FD301 Glow of Sunset 40/100', 'Cake', '40/100', 100, 0),
(66, 'FD3013', 'FD3013 Happy Flower 18/18/6', 'Cake', '18/18/6', 832, 0),
(67, 'FD3513', 'FD3513 BLOOMING FLOWER 24/6', '', '24/6', 60, -4),
(68, 'FD3515', 'FD3515 Blooming Flower 24/6', '', '24/6', 0, 6),
(69, 'FD4020', 'FD4020 25s Jumbo Missile 24/1', '', '24/1', 0, 0),
(70, 'FD4021', 'FD4021 36s Jumbo Missile 24/1', '', '24/1', 0, 1),
(71, 'FD4140', 'FD4140 Silber Blueten 24/12/6', '', '24/12/6', 0, 0),
(72, 'FD4142', 'FD4142 Silber Blueten Crackling 24/12/6', '', '24/12/6', 0, 0),
(73, 'FD509', 'FD509', '', '', 0, 0),
(74, 'FD5005', 'FD5005 Golden to silver fountain 30s 3m 20/5', 'Cake', '20/5', 1, 0),
(75, 'FD5003', 'FD5003 Red Fountain 1s3m 20/5', 'Cake', '20/5', 6, 0),
(76, 'FD5020', 'FD5020 STAGE FIREWORKS 20 S 2 M', 'Cake', '', 50, 0),
(77, 'FD5031', 'FD5031 Silver Stage Fireworks 20s 6m 50/1', '', '50/1', 2, 0),
(78, 'FD5032A', 'FD5032A STAGE FIREWORKS 1 S 6 M RED', '', '', 10, 0),
(79, 'FD5032', 'FD5032 Silver Stage Fireworks 1s 6m 20/5', '', '20/5', 85, 0),
(80, 'FD5037', 'FD5037 Silver Fountain 3m high/20s', 'Cake', '', 73, 0),
(81, 'FD5038', 'FD5038 Silver Fountain 3m high/30s', 'Cake', '', 57, 0),
(82, 'FD5101', 'FD5101 Western Light 36s 72/1', '', '72/1', 26, 0),
(83, 'FD516', 'FD516 16 SHOT CAKE 0.8 inch  24/1', 'Cake', '24/1', 0, 0),
(84, 'FD526', 'FD526 Spring Butterflies 24/10/12', '', '24/10/12', 0, 0),
(85, 'FD555', 'FD555 Conic Fountain 50s 18/1', '', '18/1', 0, 0),
(86, 'FD607', 'FD607 TELUR PUYUH 40/20/5', '', '40/20/5', 0, 0),
(87, 'FD608', 'FD608 Ground Spinning Peony 40/12/12', 'Cake', '40/12/12', 548, 0),
(88, 'FD608C', 'FD608C Crazy Spinning w/ Crackling 40/12/12', 'Cake', '40/12/12', 337, 0),
(89, 'FD6236R', 'FD6236R 10 Magical Shot Report 60/12', 'Cake', '60/12', 295, 0),
(90, 'FD6238R', 'FD6238R 20 Magical Shot Report 48/12', 'Cake', '48/12', 404, 0),
(91, 'FD6240R', 'FD6240R 30 Magical Shot Report 36/12', 'Cake', '36/12', 339, 0),
(92, 'FD6242R', 'FD6242R 40 Magical Shot Report 36/12', 'Cake', '36/12', 440, 0),
(93, 'FD6244R', 'FD6244R 60 Magical Shot Report 36/6', 'Cake', '36/6', 80, 0),
(94, 'FD6246R', 'FD6246R 80 Magical Shot Report 24/6', 'Cake', '24/6', 3, 0),
(95, 'FD6248R', 'FD6248R 100 Magical Shot Report 24/6', 'Cake', '24/6', 287, 0),
(96, 'FD665', 'FD665 Dragon Eggs (Small) 24/24/12', 'Cake', '24/24/12', 672, 0),
(97, 'FD667711', 'FD667711 ULAR NAGA 100/12', '', '100/12', 0, 0),
(98, 'FD667A', 'FD667A Dragon Eggs (Super) 24/24/12', 'Cake', '24/24/12', 107, 0),
(99, 'FD668', 'FD668 Dragon Eggs (Big) 24/24/12', 'Cake', '24/24/12', 1265, 2),
(100, 'FD669', 'FD669 Fivefold Colour 20/20/10', '', '20/20/10', 18, 0),
(101, 'FD675', 'FD675 Silver Crackling 24/24/6', 'Cake', '24/24/6', 25, 0),
(102, 'FD701', 'FD701 Hen Lying Eggs', 'Cake', '24/12', 25, 0),
(103, 'FD676', 'FD676 Silver Glittering Biasa 36/24/6', '', '36/24/6', 22, 0),
(104, 'FD7030', 'FD7030 Rocket (2x Pecah) 24/4', '', '24/4', 2, -3),
(105, 'FD7031', 'FD7031 Rocket (Ada 4 Corak) 20/4', '', '20/4', 19, 16),
(106, 'FD705', 'FD705 Tank 40/12', 'Cake', '40/12', 99, 0),
(107, 'FD705B', 'FD705B Tank 72/4', '', '72/4', 6, 0),
(108, 'FD728', 'FD728 Pop Pop Snapper (Paper) 12/50/50', 'Cake', '12/50/50', 1111, 0),
(109, 'FD7177', 'FD7177HandHeld Silver Fountain 2m 30/10', '', '30/10', 8, 0),
(110, 'FD7723', 'FD7723 Super Blitz 45/10', '', '45/10', 39, 0),
(111, 'FD7750', 'FD7750 Botao Crackling 6/40/12', '', '6/40/12', 1, 0),
(112, 'FD8002', 'FD8002 FAST FOUNTAIN 3SEC 3M 20/5', 'Cake', '20/5', 28, 0),
(113, 'FD8006', 'FD8006 SILVER FOUNTAIN  20SEC 5M 20/5', '', '20/5', 15, 0),
(114, 'FD805', 'FD805 Thunderbolt 48/6', '', '48/6', 13, 0),
(115, 'FD808C', 'FD808C 8s Roman Candles 0.8 inch  24/4', 'Cake', '24/4', 0, 0),
(116, 'FD8500', 'FD8500 Snapper (Plastic) 12/50/30', '', '12/50/30', 47, 0),
(117, 'FD871', 'FD871 Moon Traveller 40/12/12', 'Cake', '40/12/12', 100, 0),
(118, 'FD872', 'FD872 Triple Whistle w/ Report 40/12/12', 'Cake', '40/12/12', -2, 0),
(119, 'FD888', 'FD888 Base Missile 25s 30/4', '', '30/4', 88, 3),
(120, 'FDC12C', 'FDC12C 100s Missile with Crackling 30/1', '', '30/1', 28, 4),
(121, 'FD-K7702A', 'FD-K7702A Happy 36s 24/1', 'Cake', '24/1', 0, 0),
(122, 'FD-K7702B', 'FD-K7702B Happy 16s 48/1', 'Cake', '48/1', 17, 0),
(123, 'SF-153', 'SF-153 12s Cake 1 inch  24/1', 'Cake', '24/1', 1, 0),
(124, 'SF-253', 'SF-253 25s Cake 0.6 inch  18/1', 'Cake', '18/1', 0, 7),
(125, 'SF-588', 'SF-588 81s Cake 18/1', 'Cake', '18/1', 1, 0),
(126, 'FD01-15', 'FD 01-15 15s Roman Candle 0.8 inch  20/2', 'Roman Candles', '20/2', 54, 0),
(127, 'FD08-08A', 'FD08-08 A 8s Roman Candle 0.8 inch  48/2', 'Cake', '48/2', 150, 0),
(128, 'FD08-08B', 'FD08-08 B 8s Roman Candle 0.8 inch  48/2', 'Roman Candles', '48/2', 28, 0),
(129, 'FD08-08C', 'FD08-08 C 8s Roman Candle 0.8 inch  48/2', 'Roman Candles', '48/2', 36, 0),
(130, 'FD08-12', 'FD08-12 12s Roman Candle 0.8 inch  24/2', 'Roman Candles', '24/2', 70, 0),
(131, 'FD08-15', 'FD08-15 15s Roman Candle 0.8 inch  24/2', 'Cake', '24/2', 18, 0),
(132, 'FD08-10', 'FD08-10 10s Roman Candle 24/4', 'Cake', '24/4', 140, 0),
(133, 'FD08-16', 'FD08-16 16S Cake 24/1', 'Cake', '24/1', 27, 0),
(134, 'FD08-36', 'FD08-36 36S Cake 24/1', 'Cake', '24/1', 5, 19),
(135, 'T0513', 'T0513 Parachute 96/6', '', '96/6', 4, 0),
(136, 'FD1077', 'FD1077 5s Roman Candle 1 inch  24/2', 'Cake', '24/2', 0, 0),
(137, 'FD1086', 'FD1086 8s Roman Candle 1 inch  24/2', 'Roman Candles', '24/2', 12, 18),
(138, 'FD12-259', 'FD12-259 8s Roman Candle 0.8 inch  48/2', 'Cake', '48/2', 0, 0),
(139, 'FD1078', 'FD1078 5s Roman Candle 1 inch  24/2', 'Roman Candles', '24/2', 60, 0),
(140, 'FD12-101', 'FD12-101 100s Cake 1.2 inch (FAN)', 'Cake', '', 1, 0),
(141, 'FD12-102', 'FD12-102 100s Cake 1.2 inch (FAN)', 'Cake', '', 42, 0),
(142, 'FD12-100', 'FD12-100 100s Cake 1.2 inch (FAN)', 'Cake', '', 47, -1),
(143, 'FD12-150', 'FD12-150 150s Cake 1.2 inch  (FAN)', 'Cake', '', 0, 0),
(144, 'FD15-200', 'FD15-200 200s Cake 1.5 inch ', 'Cake', '', 0, 0),
(145, 'FD18-049', 'FD18-049 49s Cake 1.8 inch (FAN)', 'Cake', '', 0, 0),
(146, 'FD12-151', 'FD12-151 150s Cake (FAN) 1.2 inch ', 'Cake', '', 1, 0),
(147, 'FD12-258', 'FD12-258 8s Roman Candle 0.8 inch  48/2', 'Roman Candles', '48/2', 0, 0),
(148, 'FD12-257', 'FD12-257 8s Roman Candle 0.8 inch  48/2', 'Roman Candles', '48/2', 5, 0),
(149, 'FD1930', 'FD1930', '', '', 4, 0),
(150, 'FD075-8A', 'FD 075-8 A 8 S R/C 0.75 inch  24/4', 'Cake', '24/4', 20, 0),
(151, 'FD075-8B', 'FD 075-8 B 8 S R/C 0.75 inch  24/4', 'Cake', '24/4', 0, 0),
(152, 'FD075-8C', 'FD 075-8 C 8 S R/C 0.75 inch  24/4', 'Cake', '24/4', 0, 0),
(153, 'FD075-5A', 'FD 075-5 A 5 S R/C 0.75 inch  48/2', 'Cake', '48/2', -5, 0),
(154, 'FD075-5B', 'FD 075-5 B 5 S R/C 0.75 inch  48/2', 'Cake', '48/2', 3, 0),
(155, 'FD075-5C', 'FD 075-5 C 5 S R/C 0.75 inch  48/2', 'Cake', '48/2', 10, 0),
(156, 'FD1-600', 'FD1-600', 'Cake', '', 3, 0),
(157, 'FD1-200', 'FD1-200', 'Cake', '', 3, 0),
(158, 'FD-F08', 'FD-F08 8 inch Cone Fountain 50s 12/2', 'Toy', '12/2', 30, 2),
(159, 'FD326', 'FD326 12 shoot Triple Peony 8/1', 'Cake', '8/1', 0, 0),
(160, 'FD08-200', 'FD08-200 200 S CAKE 0.8 inch  2/1', 'Cake', '2/1', 5, 0),
(161, 'FD08-600', 'FD08-600 600 S CAKE 0.8 1/1', 'Cake', '2/1', 8, 0),
(162, 'FD1088', 'FD1088 8s Roman Candle 1.8 inch  12/1', 'Cake', '12/1', 85, 6),
(163, 'FD1089', 'FD1089 8s Roman Candle 1.8 inch  12/1\r\n', 'Roman Candle', '12/1', 113, 8),
(164, 'FD1810', 'FD1810 10 S R/C 1.9 inch  12/1', 'Roman Candle', '12/1', 33, 0),
(165, 'FD1811', 'FD1811 10 S R/C 1.8 inch  12/1', 'Roman Candle', '12/1', 0, 0),
(166, 'FD1836', 'FD1836 Cake 36s 1.8 inch  2/1', 'Cake', '2/1', 1, 0),
(167, 'FD226', 'FD 226 CAKE 226 SHOT 1/1\r\n', 'Cake', '1/1', 7, 0),
(168, 'FD325', 'FD325 25s Triple Flower 8/1', 'Cake', '8/1', 0, 0),
(169, 'FD5008', 'FD5008 Double Artillery Shell Box 12/6\r\n', '', '12/6', 0, 4),
(170, 'FD5008A', 'FD5008A Double Artillery Shell Pvc 12/6', 'Cake', '12/6', 0, 0),
(171, 'FD5009', 'FD5009 Triple Artillery Shell Box 12/6', '', '12/6', 71, 7),
(172, 'FD5009A', 'FD5009A Triple Artillery Shell Pvc 12/6', '', '12/6', 5, 10),
(173, 'FD5010', 'FD5010 Four Artillery Shell Box 12/6', '', '12/6', 0, 0),
(174, 'FD5010A', 'FD5010A Four Artillery Shell Pvc 12/6', '', '12/6', 10, 9),
(175, 'FD5011', 'FD5011 Five Artillery Shell Box 12/6', '', '12/6', 3, 3),
(178, 'FD515', 'FD515 Single Artillery Shell Box 12/12', '', '12/12', 35, 11),
(179, 'FD515A', 'FD515A Single Artillery Shell Pvc 12/12\r\n', '', '12/12', 3, 4),
(180, 'FD5138', 'FD5138 138 SHOT 0.8 3/1\r\n', 'Cake', '3/1', 9, 0),
(181, 'FD5168', 'FD5168 168 S CAKE 0.8 1/1', 'Cake', '1/1', 6, -2),
(182, 'FD7034', 'FD7034 50s Assorted Shell 2 inch  1/1', '', '1/1', 28, 0),
(183, 'FD7035', 'FD7035 25s Assorted Shell 3 inch  1/1\r\n', '', '1/1', 25, 0),
(184, 'FD7036', 'FD7036 20s Assorted Shell 4 inch  1/1', '', '1/1', 26, 0),
(185, 'FD7037', 'FD7037 25s Assorted Shell 3.5 inch  1/1\r\n', 'Cake', '1/1', 34, 0),
(186, 'FD736', 'FD736 36 SHOT 8/1', 'Cake', '8/1', 17, 1),
(187, 'FD777', 'FD777 Celebration Rocket 10/12', '', '10/12', 2, 4),
(188, 'FD778', 'FD778 Ball Display Rocket 12/5', '', '12/5', 8, 10),
(189, 'FD8012', 'FD8012 Cake 13s 8/1', 'Cake', '8/1', 0, 7),
(190, 'FD8097', 'FD8097 25s Cake 0.8 inch  12/1', 'Cake', '12/1', 13, 6),
(191, 'FD8101', 'FD8101 100s Cake 0.8 inch  4/1', 'Cake', '4/1', 6, 0),
(192, 'FD88', 'FD88  87 S Cake Mix 1/1', 'Cake', '1/1', 1, 0),
(193, 'FD9004', 'FD9004 49 s Cake 0.8 inch  6/1\r\n', 'Cake', '6/1', 0, 3),
(194, 'FD9006', 'FD9006 25 S CAKE 1 inch  8/1', 'Cake', '8/1', 4, 0),
(195, 'FD9008', 'FD9008 19s Cake 1.2 inch  6/1', 'Cake', '6/1', 0, 0),
(196, 'FD919', 'FD919 19 SHOT CAKE 1.2 8/1', 'Cake', '8/1', 0, 2),
(197, 'FD949', 'FD949 2/1', 'Cake', '2/1', 1, 0),
(198, 'FD9138', 'FD9138 138s Cake 1.8 inch  1/1', 'Cake', '1/1', 0, 0),
(199, 'FD9150', 'FD9150 150s 1/1\r\n', 'Cake', '1/1', 2, 0),
(200, 'FD9188', 'FD9188 188s Cake 1.8 inch  1/1', 'Cake', '1/1', 0, 0),
(201, 'FD9300', 'FD9300 300s Cake 1.2 inch  1/1', 'Cake', '1/1', 0, 0),
(202, 'FD1925', 'FD1925 25s Cake 1.8 inch  2/1', 'Cake', '2/1', 10, -1),
(203, 'FD1936', 'FD1936 36s Cake 1.8 inch  2/1', 'Cake', '2/1', 6, 0),
(204, 'FD1949', 'FD1949 49s Cake 1.8 inch  1/1', 'Cake', '1/1', 5, 0),
(205, 'RC602', 'RC602 8s Roman Candle 2.5 inch  9/1', 'Roman Candle', '9/1', 36, 3),
(206, 'RC603', 'RC603 8s Roman Candle 2 inch  12/1', 'Roman Candle', '12/1', 9, 5),
(207, 'RC606', 'RC606 6s Roman Candle 3 inch  6/1', 'Roman Candle', '6/1', 0, 0),
(208, 'SF-106', 'SF-106 25s Cake 1.2 inch  4/1', 'Cake', '4/1', 0, 0),
(209, 'SF-C028', 'SF-C028 20s Cake 1.2 inch  6/1', 'Cake', '6/1', 0, 1),
(210, 'SF-C029', 'SF-C029 24s Cake 1.2 inch  4/1', 'Cake', '4/1', 1, 0),
(211, 'SF-C030', 'SF-C030 12s Cake 1.5 inch  8/1', 'Cake', '8/1', 2, 0),
(212, 'SF-C041', 'SF-C041 12s Cake 1.3/4 inch  3/1', 'Cake', '3/1', 0, 0),
(213, 'FD08-100', 'FD08-100 100S Cake 4/1', 'Cake', '4/1', 30, 0),
(214, 'FD08-300', 'FD08-300 300S Cake 1/1', 'Cake', '1/1', 19, 0),
(215, 'FD12-19', 'FD12-19 19S Cake 6/1 1.2 inch', 'Cake', '6/1', 43, -4),
(216, 'FD12-36', 'FD12-36 36S Cake 3/1', 'Cake', '3/1', 1, 2),
(217, 'FD12-50', 'FD12-50 49S Cake 2/1', 'Cake', '2/1', 0, 0),
(218, 'FD12-49', 'FD12-49 49S Cake FAN 2/1', 'Cake', '2/1', 5, -1),
(219, 'FD12-26', 'FD12-26 25S Cake FAN 4/1', 'Cake', '4/1', 0, 1),
(220, 'FD12-108', 'FD12-108 100S Cake 1/1', 'Cake', '1/1', 0, 0),
(221, 'FD1825', 'FD1825 Cake 25s 1.8 inch  2/1', 'Cake', '2/1', 9, -1),
(222, 'FD1525', 'FD1525 Cake 25s 1.5 inch  4/1', 'Cake', '4/1', 10, 0),
(223, 'FD1536', 'FD1536 Cake 36s 1.5 inch  3/1', 'Cake', '3/1', 0, 0),
(224, 'FD1549', 'FD1549 Cake 49s 1.5 inch  2/1', 'Cake', '2/1', 0, 0),
(225, 'FD9200', 'FD9200 Cake 100s 1.8 inch  1/1', 'Cake', '1/1', 0, 0),
(226, 'FD9800', 'FD9800 Cake 100s 1.5 inch  1/1', 'Cake', '1/1', 1, 0),
(227, 'FD12-25', 'FD12-25 25s Cake 1.2 inch  (FAN) 4/1', 'Cake', '4/1', 0, 0),
(228, 'FD15', 'FD15-1.2 inch  15s Roman Candles 16/1', 'Roman Candle', '16/1', 47, 0),
(229, 'FD15-88', 'FD15-88 88s Cake 1/1\r\n', 'Cake', '1/1', 12, 0),
(230, 'FD18-50', 'FD18-50 50s Cake 2/1', 'Cake', '2/1', 15, -1),
(231, 'FD18-88', 'FD18-88 88s Cake 1/1', 'Cake', '1/1', 14, 0),
(232, 'FD1-300', 'FD1-300 300s Cake 1/1', 'Cake', '1/1', 18, 0),
(233, 'FD301A', 'FD301A GLOW OF SUNSET W/CRACKLING ', 'Cake', '40/100', 25, 0),
(234, 'FD60S', 'FD60S SPARKLER 60CM', 'Cake', '100/6', 7, 0),
(235, 'FD08-5A', 'FD08-5A 5S ROMAN CANDLE ', 'Roman Candle', '48/2', 145, 0),
(236, 'FD4060', 'FD4060 SMOKE', 'Toy', '20/6', 10, 0),
(237, 'FD789', 'FD789 ALUMITE GOLDEN PAPER', 'Toy', '5kg', 9, 0);

-- --------------------------------------------------------

--
-- Table structure for table `msproduct20181508`
--

CREATE TABLE `msproduct20181508` (
  `ID` int(11) NOT NULL DEFAULT '0',
  `code` varchar(100) CHARACTER SET utf8 DEFAULT NULL,
  `detail` text CHARACTER SET utf8,
  `type` varchar(50) CHARACTER SET utf8 DEFAULT NULL,
  `packing` varchar(100) CHARACTER SET utf8 DEFAULT NULL,
  `crt` int(11) DEFAULT NULL,
  `pcs` int(11) DEFAULT NULL
) ENGINE=InnoDB DEFAULT CHARSET=latin1;

--
-- Dumping data for table `msproduct20181508`
--

INSERT INTO `msproduct20181508` (`ID`, `code`, `detail`, `type`, `packing`, `crt`, `pcs`) VALUES
(1, 'FD0440', 'FD0440 Moon Travel 0.2 inch  50/12/12', 'Cake', '50/12/12', 0, 0),
(2, '0445D', '0445D 3 Whistling 20/20/3', '', '20/20/3', 44, 17),
(3, 'FD002', 'FD002 Foncake 7s 40/1', 'Cake', '40/1', 5, 38),
(4, 'FD0205', 'FD0205 Cracking Ball 20/12/6', '', '20/12/6', 11, 0),
(5, 'FD999', 'FD999 Waterfall Indoor 40s 60m', 'Cake', '', 50, 0),
(6, 'FD006', 'FD006 Flower Power Fountain 24/10', '', '24/10', 8, 1),
(7, 'FD0114', 'FD0114 Orioles Sing 240/12', '', '240/12', 27, 0),
(8, 'FD0115', 'FD0115 Orioles Sing w/ Crackling 240/12', '', '240/12', 134, 0),
(9, 'FD0204', 'FD0204 Magic Whip 25 Cm 72/12', '', '72/12', 9, 0),
(10, 'FD0204-80', 'FD0204-80 Magic Whip 25 Cm 72/12', '', '72/12', 44, 0),
(11, 'FD0210', 'FD0210 Pulling Firewerks 20/144/12', 'Cake', '20/144/12', 100, 0),
(12, 'FD0281', 'FD0281 Luftheuler Whistling 30/10/20', 'Cake', '30/10/20', 100, 0),
(13, 'FD0282', 'FD0282 Luftheuler Crackling 30/10/20', 'Cake', '30/10/20', 223, 0),
(14, 'FD0345 ', 'FD0345 20s Chang Dragons 36/4', '', '36/4', 25, 0),
(15, 'FD0439', 'FD0439 Bumble Bee 300/12', 'Cake', '300/12', 5, 0),
(16, 'FD0519', 'FD0519 Eagles 15s 24/10', 'Cake', '24/10', 0, 0),
(17, 'FD0534', 'FD0534 Butterfly 36/12', '', '36/12', 40, 0),
(18, 'FD0819', 'FD0819 Assorted Ninja Ball 20/12/6 (Batu)', 'Cake', '20/12/6', 550, 0),
(19, 'FD0860', 'FD0860 SmokeBallPaper 20/12/6', '', '20/12/6', 0, 0),
(20, 'FD0901C', 'FD0901C Ground Bloom 20/12/6 (B)', 'Cake', '20/12/6', 74, 0),
(21, 'FD101', 'FD101 Rubbing Bang 18/50/10', 'Cake', '18/50/10', 1000, 0),
(22, 'FD1005', 'FD1005 5 S ROMAN CANDLE DOUBLE BREAK 20/2', '', '20/2', 0, 0),
(23, 'FD1010', 'FD1010 10s Roman Candles 0.8 inch  36/2', 'Roman Candles', '36/2', 163, -27),
(24, 'FD1011', 'FD1011 10s Roman Candles 0.8 inch  36/2', 'Roman Candles', '36/2', 191, -10),
(25, 'FD1012', 'FD1012 10s Roman Candles 1 inch  20/2', 'Roman Candles', '20/2', 136, 16),
(26, 'FD1015', 'FD1015 10s Roman Candles 1 inch  20/2', 'Roman Candles', '20/2', 131, 0),
(27, 'FD1019', 'FD1019 8s Roman Candles 0.9 inch  24/2', 'Cake', '24/2', 0, 0),
(28, 'FD1037', 'FD1037 5s Roman Candles 0.8 inch  24/4', 'Roman Candles', '24/4', 0, 1),
(29, 'FD1039', 'FD1039 8s Roman Candles 0.9 inch  24/2', 'Cake', '24/2', 0, 0),
(30, 'FD1043', 'FD1043 6s Roman Candles 1 inch  24/2', 'Roman Candles', '24/2', 99, 0),
(31, 'FD1051', 'FD1051 5s Roman Candles 0.75 inch  48/2', 'Roman Candles', '48/2', 0, 0),
(32, 'FD1052', 'FD1052 5s Roman Candles 0.75 inch  48/2', 'Roman Candles', '48/2', 27, 47),
(33, 'FD1053', 'FD1053 5s Roman Candles 0.8 inch  24/4', 'Roman Candles', '24/4', 146, 0),
(34, 'FD1054', 'FD1054 5s Roman Candles 0.8 inch  48/2', 'Cake', '48/2', 1, 9),
(35, 'FD1056', 'FD1056 5s Roman Candles 0.75 inch  48/2', 'Roman Candles', '48/2', 0, 0),
(36, 'FD1057', 'FD1057 5s Roman Candles 0.75 inch  24/4', 'Roman Candles', '24/4', 12, 0),
(37, 'FD1070', 'FD1070 5s Roman Candles 0.75 inch  24/4', 'Roman Candles', '24/4', 0, 0),
(38, 'FD1071', 'FD1071 5s Roman Candles 0.75 inch  48/2', 'Cake', '48/2', 2, 30),
(39, 'FD1072', 'FD1072 5s Roman Candles 0.8 inch  48/2', 'Roman Candles', '48/2', 22, 0),
(40, 'FD1073', 'FD1073 5s Roman Candles 0.8 inch  24/4', 'Roman Candles', '24/4', 1, 0),
(41, 'FD1084', 'FD1084 8s Blue Coconut 1.2 inch  25/1', '', '25/1', 98, 0),
(42, 'FD1085', 'FD1085 8s Roman Candles 1.5 inch  18/1', 'Cake', '18/1', 75, 0),
(43, 'FD1087', 'FD1087 8s Roman Candles 1 inch  24/2', 'Cake', '24/2', 88, 0),
(44, 'FD1130', 'FD1130 25 Missile 30/4', '', '30/4', 81, 0),
(45, 'FD1130-50', 'FD1130-50 Saturn Missile 50 30/2', '', '30/2', 4, 0),
(46, 'FD1131', 'FD1131 Black Snake 24/48/6', 'Cake', '24/48/6', 300, 0),
(47, 'FD1201', 'FD1201 12s Roman Candle 20/2', 'Roman Candles', '20/2', 91, 0),
(48, 'FD1206', 'FD1206 6s Navy 24/4', '', '24/4', 50, 0),
(49, 'FD1208', 'FD1208 8 S R/C 1.2 inch  36/1', '', '36/1', 66, 0),
(50, 'FD1210', 'FD1210 10 ROMAN CANDLE 1.2 inch  25/1', 'Roman Candles', '25/1', 2, 0),
(51, 'FD12-242', 'FD12-242 8s Roman Candles 0.8 inch  24/4', 'Roman Candles', '24/4', 105, -9),
(52, 'FD1233', 'FD1233 5s RC Triple Breaks 1.2 inch  18/1', '', '18/1', 39, 0),
(53, 'FD152B', 'FD152B Spinning & Flash 60/24', '', '60/24', 1, 0),
(54, 'FD1508', 'FD1508 8 S R/C 1.5 inch  20/1', 'Cake', '20/1', 2, 7),
(55, 'FD1510', 'FD 1510 10 S R/C 1.5 inch  18/1', '', '18/1', 8, 0),
(56, 'FD2-018', 'FD2-018 8s Roman Candles 20/2', 'Roman Candles', '20/2', 11, 0),
(57, 'FD2-128', 'FD2-128 8s Roman Candles 25/1', 'Roman Candles', '25/1', 56, 0),
(58, 'FD2115', 'FD2115 Piro 60/24', '', '60/24', 163, 31),
(59, 'FD2068', 'FD2068 Knocking Ball 24/12/2 0.5 inch ', 'Cake', '24/12/2', 2, 0),
(60, 'FD2218', 'FD2218 10s Color Pearls 60/12', '', '60/12', 0, 0),
(61, 'FD2219', 'FD2219 20s Color Pearls 24/12', '', '24/12', 2, 0),
(62, 'FD2220', 'FD2220 30s Color Pearls 36/12', '', '36/12', 0, 0),
(63, 'FD2507', 'FD2507 48s Color Pearl Flower 24/4', '', '24/4', 0, 0),
(64, 'FD2635', 'FD2635 Air Mancur Kobra 24/6', '', '24/6', 2, 0),
(65, 'FD301', 'FD301 Glow of Sunset 40/100', 'Cake', '40/100', 100, 0),
(66, 'FD3013', 'FD3013 Happy Flower 18/18/6', 'Cake', '18/18/6', 1102, 0),
(67, 'FD3513', 'FD3513 BLOOMING FLOWER 24/6', '', '24/6', 60, -4),
(68, 'FD3515', 'FD3515 Blooming Flower 24/6', '', '24/6', 0, 6),
(69, 'FD4020', 'FD4020 25s Jumbo Missile 24/1', '', '24/1', 0, 0),
(70, 'FD4021', 'FD4021 36s Jumbo Missile 24/1', '', '24/1', 0, 1),
(71, 'FD4140', 'FD4140 Silber Blueten 24/12/6', '', '24/12/6', 0, 0),
(72, 'FD4142', 'FD4142 Silber Blueten Crackling 24/12/6', '', '24/12/6', 0, 0),
(73, 'FD509', 'FD509', '', '', 0, 0),
(74, 'FD5005', 'FD5005 Golden to silver fountain 30s 3m 20/5', 'Cake', '20/5', 1, 0),
(75, 'FD5003', 'FD5003 Red Fountain 1s3m 20/5', 'Cake', '20/5', 6, 0),
(76, 'FD5020', 'FD5020 STAGE FIREWORKS 20 S 2 M', 'Cake', '', 50, 0),
(77, 'FD5031', 'FD5031 Silver Stage Fireworks 20s 6m 50/1', '', '50/1', 2, 0),
(78, 'FD5032A', 'FD5032A STAGE FIREWORKS 1 S 6 M RED', '', '', 10, 0),
(79, 'FD5032', 'FD5032 Silver Stage Fireworks 1s 6m 20/5', '', '20/5', 85, 0),
(80, 'FD5037', 'FD5037 Silver Fountain 3m high/20s', 'Cake', '', 75, 0),
(81, 'FD5038', 'FD5038 Silver Fountain 3m high/30s', 'Cake', '', 75, 0),
(82, 'FD5101', 'FD5101 Western Light 36s 72/1', '', '72/1', 26, 0),
(83, 'FD516', 'FD516 16 SHOT CAKE 0.8 inch  24/1', 'Cake', '24/1', 0, 0),
(84, 'FD526', 'FD526 Spring Butterflies 24/10/12', '', '24/10/12', 0, 0),
(85, 'FD555', 'FD555 Conic Fountain 50s 18/1', '', '18/1', 0, 0),
(86, 'FD607', 'FD607 TELUR PUYUH 40/20/5', '', '40/20/5', 0, 0),
(87, 'FD608', 'FD608 Ground Spinning Peony 40/12/12', 'Cake', '40/12/12', 598, 0),
(88, 'FD608C', 'FD608C Crazy Spinning w/ Crackling 40/12/12', 'Cake', '40/12/12', 348, 0),
(89, 'FD6236R', 'FD6236R 10 Magical Shot Report 60/12', 'Cake', '60/12', 300, 0),
(90, 'FD6238R', 'FD6238R 20 Magical Shot Report 48/12', 'Cake', '48/12', 450, 0),
(91, 'FD6240R', 'FD6240R 30 Magical Shot Report 36/12', 'Cake', '36/12', 400, 0),
(92, 'FD6242R', 'FD6242R 40 Magical Shot Report 36/12', 'Cake', '36/12', 500, 0),
(93, 'FD6244R', 'FD6244R 60 Magical Shot Report 36/6', 'Cake', '36/6', 100, 0),
(94, 'FD6246R', 'FD6246R 80 Magical Shot Report 24/6', 'Cake', '24/6', 3, 0),
(95, 'FD6248R', 'FD6248R 100 Magical Shot Report 24/6', 'Cake', '24/6', 287, 0),
(96, 'FD665', 'FD665 Dragon Eggs (Small) 24/24/12', 'Cake', '24/24/12', 672, 0),
(97, 'FD667711', 'FD667711 ULAR NAGA 100/12', '', '100/12', 0, 0),
(98, 'FD667A', 'FD667A Dragon Eggs (Super) 24/24/12', 'Cake', '24/24/12', 107, 0),
(99, 'FD668', 'FD668 Dragon Eggs (Big) 24/24/12', 'Cake', '24/24/12', 1265, 2),
(100, 'FD669', 'FD669 Fivefold Colour 20/20/10', '', '20/20/10', 18, 0),
(101, 'FD675', 'FD675 Silver Crackling 24/24/6', 'Cake', '24/24/6', 25, 0),
(102, 'FD701', 'FD701 Hen Lying Eggs', 'Cake', '24/12', 25, 0),
(103, 'FD676', 'FD676 Silver Glittering Biasa 36/24/6', '', '36/24/6', 22, 0),
(104, 'FD7030', 'FD7030 Rocket (2x Pecah) 24/4', '', '24/4', 2, -3),
(105, 'FD7031', 'FD7031 Rocket (Ada 4 Corak) 20/4', '', '20/4', 19, 16),
(106, 'FD705', 'FD705 Tank 40/12', 'Cake', '40/12', 100, 0),
(107, 'FD705B', 'FD705B Tank 72/4', '', '72/4', 6, 0),
(108, 'FD728', 'FD728 Pop Pop Snapper (Paper) 12/50/50', 'Cake', '12/50/50', 1111, 0),
(109, 'FD7177', 'FD7177HandHeld Silver Fountain 2m 30/10', '', '30/10', 8, 0),
(110, 'FD7723', 'FD7723 Super Blitz 45/10', '', '45/10', 39, 0),
(111, 'FD7750', 'FD7750 Botao Crackling 6/40/12', '', '6/40/12', 1, 0),
(112, 'FD8002', 'FD8002 FAST FOUNTAIN 3SEC 3M 20/5', 'Cake', '20/5', 28, 0),
(113, 'FD8006', 'FD8006 SILVER FOUNTAIN  20SEC 5M 20/5', '', '20/5', 15, 0),
(114, 'FD805', 'FD805 Thunderbolt 48/6', '', '48/6', 13, 0),
(115, 'FD808C', 'FD808C 8s Roman Candles 0.8 inch  24/4', 'Cake', '24/4', 0, 0),
(116, 'FD8500', 'FD8500 Snapper (Plastic) 12/50/30', '', '12/50/30', 47, 0),
(117, 'FD871', 'FD871 Moon Traveller 40/12/12', 'Cake', '40/12/12', 100, 0),
(118, 'FD872', 'FD872 Triple Whistle w/ Report 40/12/12', 'Cake', '40/12/12', -2, 0),
(119, 'FD888', 'FD888 Base Missile 25s 30/4', '', '30/4', 88, 3),
(120, 'FDC12C', 'FDC12C 100s Missile with Crackling 30/1', '', '30/1', 28, 4),
(121, 'FD-K7702A', 'FD-K7702A Happy 36s 24/1', 'Cake', '24/1', 0, 0),
(122, 'FD-K7702B', 'FD-K7702B Happy 16s 48/1', 'Cake', '48/1', 17, 0),
(123, 'SF-153', 'SF-153 12s Cake 1 inch  24/1', 'Cake', '24/1', 1, 0),
(124, 'SF-253', 'SF-253 25s Cake 0.6 inch  18/1', 'Cake', '18/1', 0, 7),
(125, 'SF-588', 'SF-588 81s Cake 18/1', 'Cake', '18/1', 1, 0),
(126, 'FD01-15', 'FD 01-15 15s Roman Candle 0.8 inch  20/2', 'Roman Candles', '20/2', 54, 0),
(127, 'FD08-08A', 'FD08-08 A 8s Roman Candle 0.8 inch  48/2', 'Cake', '48/2', 150, 0),
(128, 'FD08-08B', 'FD08-08 B 8s Roman Candle 0.8 inch  48/2', 'Roman Candles', '48/2', 28, 0),
(129, 'FD08-08C', 'FD08-08 C 8s Roman Candle 0.8 inch  48/2', 'Roman Candles', '48/2', 36, 0),
(130, 'FD08-12', 'FD08-12 12s Roman Candle 0.8 inch  24/2', 'Roman Candles', '24/2', 70, 0),
(131, 'FD08-15', 'FD08-15 15s Roman Candle 0.8 inch  24/2', 'Cake', '24/2', 18, 0),
(132, 'FD08-10', 'FD08-10 10s Roman Candle 24/4', 'Cake', '24/4', 150, 0),
(133, 'FD08-16', 'FD08-16 16S Cake 24/1', 'Cake', '24/1', 30, 0),
(134, 'FD08-36', 'FD08-36 36S Cake 24/1', 'Cake', '24/1', 5, 19),
(135, 'T0513', 'T0513 Parachute 96/6', '', '96/6', 4, 0),
(136, 'FD1077', 'FD1077 5s Roman Candle 1 inch  24/2', 'Cake', '24/2', 0, 0),
(137, 'FD1086', 'FD1086 8s Roman Candle 1 inch  24/2', 'Roman Candles', '24/2', 12, 18),
(138, 'FD12-259', 'FD12-259 8s Roman Candle 0.8 inch  48/2', 'Cake', '48/2', 0, 0),
(139, 'FD1078', 'FD1078 5s Roman Candle 1 inch  24/2', 'Roman Candles', '24/2', 60, 0),
(140, 'FD12-101', 'FD12-101 100s Cake 1.2 inch (FAN)', 'Cake', '', 1, 0),
(141, 'FD12-102', 'FD12-102 100s Cake 1.2 inch (FAN)', 'Cake', '', 42, 0),
(142, 'FD12-100', 'FD12-100 100s Cake 1.2 inch (FAN)', 'Cake', '', 47, -1),
(143, 'FD12-150', 'FD12-150 150s Cake 1.2 inch  (FAN)', 'Cake', '', 0, 0),
(144, 'FD15-200', 'FD15-200 200s Cake 1.5 inch ', 'Cake', '', 0, 0),
(145, 'FD18-049', 'FD18-049 49s Cake 1.8 inch (FAN)', 'Cake', '', 0, 0),
(146, 'FD12-151', 'FD12-151 150s Cake (FAN) 1.2 inch ', 'Cake', '', 1, 0),
(147, 'FD12-258', 'FD12-258 8s Roman Candle 0.8 inch  48/2', 'Roman Candles', '48/2', 0, 0),
(148, 'FD12-257', 'FD12-257 8s Roman Candle 0.8 inch  48/2', 'Roman Candles', '48/2', 5, 0),
(149, 'FD1930', 'FD1930', '', '', 4, 0),
(150, 'FD075-8A', 'FD 075-8 A 8 S R/C 0.75 inch  24/4', 'Cake', '24/4', 20, 0),
(151, 'FD075-8B', 'FD 075-8 B 8 S R/C 0.75 inch  24/4', 'Cake', '24/4', 0, 0),
(152, 'FD075-8C', 'FD 075-8 C 8 S R/C 0.75 inch  24/4', 'Cake', '24/4', 0, 0),
(153, 'FD075-5A', 'FD 075-5 A 5 S R/C 0.75 inch  48/2', 'Cake', '48/2', -5, 0),
(154, 'FD075-5B', 'FD 075-5 B 5 S R/C 0.75 inch  48/2', 'Cake', '48/2', 3, 0),
(155, 'FD075-5C', 'FD 075-5 C 5 S R/C 0.75 inch  48/2', 'Cake', '48/2', 10, 0),
(156, 'FD1-600', 'FD1-600', 'Cake', '', 3, 0),
(157, 'FD1-200', 'FD1-200', 'Cake', '', 3, 0),
(158, 'FD-F08', 'FD-F08 8 inch Cone Fountain 50s 12/2', 'Toy', '12/2', 30, 2),
(159, 'FD326', 'FD326 12 shoot Triple Peony 8/1', 'Cake', '8/1', 0, 0),
(160, 'FD08-200', 'FD08-200 200 S CAKE 0.8 inch  2/1', 'Cake', '2/1', 5, 0),
(161, 'FD08-600', 'FD08-600 600 S CAKE 0.8 1/1', 'Cake', '2/1', 8, 0),
(162, 'FD1088', 'FD1088 8s Roman Candle 1.8 inch  12/1', 'Cake', '12/1', 85, 6),
(163, 'FD1089', 'FD1089 8s Roman Candle 1.8 inch  12/1\r\n', 'Roman Candle', '12/1', 113, 8),
(164, 'FD1810', 'FD1810 10 S R/C 1.9 inch  12/1', 'Roman Candle', '12/1', 33, 0),
(165, 'FD1811', 'FD1811 10 S R/C 1.8 inch  12/1', 'Roman Candle', '12/1', 0, 0),
(166, 'FD1836', 'FD1836 Cake 36s 1.8 inch  2/1', 'Cake', '2/1', 1, 0),
(167, 'FD226', 'FD 226 CAKE 226 SHOT 1/1\r\n', 'Cake', '1/1', 7, 0),
(168, 'FD325', 'FD325 25s Triple Flower 8/1', 'Cake', '8/1', 0, 0),
(169, 'FD5008', 'FD5008 Double Artillery Shell Box 12/6\r\n', '', '12/6', 0, 4),
(170, 'FD5008A', 'FD5008A Double Artillery Shell Pvc 12/6', 'Cake', '12/6', 0, 0),
(171, 'FD5009', 'FD5009 Triple Artillery Shell Box 12/6', '', '12/6', 71, 7),
(172, 'FD5009A', 'FD5009A Triple Artillery Shell Pvc 12/6', '', '12/6', 5, 10),
(173, 'FD5010', 'FD5010 Four Artillery Shell Box 12/6', '', '12/6', 0, 0),
(174, 'FD5010A', 'FD5010A Four Artillery Shell Pvc 12/6', '', '12/6', 10, 9),
(175, 'FD5011', 'FD5011 Five Artillery Shell Box 12/6', '', '12/6', 3, 3),
(176, 'FD5030', 'FD5030 Silver Stage Fireworks 20/5 (Baru)\r\n', '', '20/5', 0, 0),
(177, 'FD5030', 'FD5030 Silver Stage Fireworks 20/5 (Lama)', '', '20/5', 11, 0),
(178, 'FD515', 'FD515 Single Artillery Shell Box 12/12', '', '12/12', 35, 11),
(179, 'FD515A', 'FD515A Single Artillery Shell Pvc 12/12\r\n', '', '12/12', 3, 4),
(180, 'FD5138', 'FD5138 138 SHOT 0.8 3/1\r\n', 'Cake', '3/1', 9, 0),
(181, 'FD5168', 'FD5168 168 S CAKE 0.8 1/1', 'Cake', '1/1', 6, -2),
(182, 'FD7034', 'FD7034 50s Assorted Shell 2 inch  1/1', '', '1/1', 28, 0),
(183, 'FD7035', 'FD7035 25s Assorted Shell 3 inch  1/1\r\n', '', '1/1', 25, 0),
(184, 'FD7036', 'FD7036 20s Assorted Shell 4 inch  1/1', '', '1/1', 26, 0),
(185, 'FD7037', 'FD7037 25s Assorted Shell 3.5 inch  1/1\r\n', 'Cake', '1/1', 34, 0),
(186, 'FD736', 'FD736 36 SHOT 8/1', 'Cake', '8/1', 17, 1),
(187, 'FD777', 'FD777 Celebration Rocket 10/12', '', '10/12', 2, 4),
(188, 'FD778', 'FD778 Ball Display Rocket 12/5', '', '12/5', 8, 10),
(189, 'FD8012', 'FD8012 Cake 13s 8/1', 'Cake', '8/1', 0, 7),
(190, 'FD8097', 'FD8097 25s Cake 0.8 inch  12/1', 'Cake', '12/1', 13, 6),
(191, 'FD8101', 'FD8101 100s Cake 0.8 inch  4/1', 'Cake', '4/1', 6, 0),
(192, 'FD88', 'FD88  87 S Cake Mix 1/1', 'Cake', '1/1', 1, 0),
(193, 'FD9004', 'FD9004 49 s Cake 0.8 inch  6/1\r\n', 'Cake', '6/1', 0, 3),
(194, 'FD9006', 'FD9006 25 S CAKE 1 inch  8/1', 'Cake', '8/1', 4, 0),
(195, 'FD9008', 'FD9008 19s Cake 1.2 inch  6/1', 'Cake', '6/1', 0, 0),
(196, 'FD919', 'FD919 19 SHOT CAKE 1.2 8/1', 'Cake', '8/1', 0, 2),
(197, 'FD949', 'FD949 2/1', 'Cake', '2/1', 1, 0),
(198, 'FD9138', 'FD9138 138s Cake 1.8 inch  1/1', 'Cake', '1/1', 0, 0),
(199, 'FD9150', 'FD9150 150s 1/1\r\n', 'Cake', '1/1', 2, 0),
(200, 'FD9188', 'FD9188 188s Cake 1.8 inch  1/1', 'Cake', '1/1', 0, 0),
(201, 'FD9300', 'FD9300 300s Cake 1.2 inch  1/1', 'Cake', '1/1', 0, 0),
(202, 'FD1925', 'FD1925 25s Cake 1.8 inch  2/1', 'Cake', '2/1', 10, -1),
(203, 'FD1936', 'FD1936 36s Cake 1.8 inch  2/1', 'Cake', '2/1', 6, 0),
(204, 'FD1949', 'FD1949 49s Cake 1.8 inch  1/1', 'Cake', '1/1', 5, 0),
(205, 'RC602', 'RC602 8s Roman Candle 2.5 inch  9/1', 'Roman Candle', '9/1', 36, 3),
(206, 'RC603', 'RC603 8s Roman Candle 2 inch  12/1', 'Roman Candle', '12/1', 9, 5),
(207, 'RC606', 'RC606 6s Roman Candle 3 inch  6/1', 'Roman Candle', '6/1', 0, 0),
(208, 'SF-106', 'SF-106 25s Cake 1.2 inch  4/1', 'Cake', '4/1', 0, 0),
(209, 'SF-C028', 'SF-C028 20s Cake 1.2 inch  6/1', 'Cake', '6/1', 0, 1),
(210, 'SF-C029', 'SF-C029 24s Cake 1.2 inch  4/1', 'Cake', '4/1', 1, 0),
(211, 'SF-C030', 'SF-C030 12s Cake 1.5 inch  8/1', 'Cake', '8/1', 2, 0),
(212, 'SF-C041', 'SF-C041 12s Cake 1.3/4 inch  3/1', 'Cake', '3/1', 0, 0),
(213, 'FD08-100', 'FD08-100 100S Cake 4/1', 'Cake', '4/1', 30, 0),
(214, 'FD08-300', 'FD08-300 300S Cake 1/1', 'Cake', '1/1', 19, 0),
(215, 'FD12-19', 'FD12-19 19S Cake 6/1 1.2 inch', 'Cake', '6/1', 43, -4),
(216, 'FD12-36', 'FD12-36 36S Cake 3/1', 'Cake', '3/1', 1, 2),
(217, 'FD12-50', 'FD12-50 49S Cake 2/1', 'Cake', '2/1', 0, 0),
(218, 'FD12-49', 'FD12-49 49S Cake FAN 2/1', 'Cake', '2/1', 5, -1),
(219, 'FD12-26', 'FD12-26 25S Cake FAN 4/1', 'Cake', '4/1', 0, 1),
(220, 'FD12-108', 'FD12-108 100S Cake 1/1', 'Cake', '1/1', 0, 0),
(221, 'FD1825', 'FD1825 Cake 25s 1.8 inch  2/1', 'Cake', '2/1', 9, -1),
(222, 'FD1525', 'FD1525 Cake 25s 1.5 inch  4/1', 'Cake', '4/1', 10, 0),
(223, 'FD1536', 'FD1536 Cake 36s 1.5 inch  3/1', 'Cake', '3/1', 0, 0),
(224, 'FD1549', 'FD1549 Cake 49s 1.5 inch  2/1', 'Cake', '2/1', 0, 0),
(225, 'FD9200', 'FD9200 Cake 100s 1.8 inch  1/1', 'Cake', '1/1', 0, 0),
(226, 'FD9800', 'FD9800 Cake 100s 1.5 inch  1/1', 'Cake', '1/1', 1, 0),
(227, 'FD12-25', 'FD12-25 25s Cake 1.2 inch  (FAN) 4/1', 'Cake', '4/1', 0, 0),
(228, 'FD15', 'FD15-1.2 inch  15s Roman Candles 16/1', 'Roman Candle', '16/1', 47, 0),
(229, 'FD15-88', 'FD15-88 88s Cake 1/1\r\n', 'Cake', '1/1', 12, 0),
(230, 'FD18-50', 'FD18-50 50s Cake 2/1', 'Cake', '2/1', 15, -1),
(231, 'FD18-88', 'FD18-88 88s Cake 1/1', 'Cake', '1/1', 14, 0),
(232, 'FD1-300', 'FD1-300 300s Cake 1/1', 'Cake', '1/1', 18, 0),
(233, 'FD301A', 'FD301A GLOW OF SUNSET W/CRACKLING ', 'Cake', '40/100', 25, 0),
(234, 'FD60S', 'FD60S SPARKLER 60CM', 'Cake', '100/6', 10, 0),
(235, 'FD08-5A', 'FD08-5A 5S ROMAN CANDLE ', 'Roman Candle', '48/2', 150, 0),
(236, 'FD4060', 'FD4060 SMOKE', 'Toy', '20/6', 10, 0),
(237, 'FD789', 'FD789 ALUMITE GOLDEN PAPER', 'Toy', '5kg', 10, 0);

-- --------------------------------------------------------

--
-- Table structure for table `msuser`
--

CREATE TABLE `msuser` (
  `UserId` int(5) NOT NULL,
  `Username` varchar(50) NOT NULL,
  `Password` varchar(50) NOT NULL,
  `Firstname` varchar(50) NOT NULL,
  `Lastname` varchar(50) NOT NULL,
  `Status` varchar(20) NOT NULL
) ENGINE=InnoDB DEFAULT CHARSET=latin1;

--
-- Dumping data for table `msuser`
--

INSERT INTO `msuser` (`UserId`, `Username`, `Password`, `Firstname`, `Lastname`, `Status`) VALUES
(1, 'stevany', 'ketapang', 'stevany', 'lie', '0'),
(2, 'mama', 'mama', 'seng jun', 'lo', '0');

-- --------------------------------------------------------

--
-- Table structure for table `ms_product_2018_08`
--

CREATE TABLE `ms_product_2018_08` (
  `ID` int(11) NOT NULL,
  `code` varchar(100) CHARACTER SET utf8 DEFAULT NULL,
  `detail` text CHARACTER SET utf8,
  `type` varchar(50) CHARACTER SET utf8 DEFAULT NULL,
  `packing` varchar(100) CHARACTER SET utf8 DEFAULT NULL,
  `crt` int(11) DEFAULT NULL,
  `pcs` int(11) DEFAULT NULL
) ENGINE=InnoDB DEFAULT CHARSET=latin1;

--
-- Dumping data for table `ms_product_2018_08`
--

INSERT INTO `ms_product_2018_08` (`ID`, `code`, `detail`, `type`, `packing`, `crt`, `pcs`) VALUES
(1, 'FD0440', 'FD0440 Moon Travel 0.2 inch  50/12/12', 'Cake', '50/12/12', 0, 0),
(2, '0445D', '0445D 3 Whistling 20/20/3', '', '20/20/3', 44, 17),
(3, 'FD002', 'FD002 Foncake 7s 40/1', 'Cake', '40/1', 5, 38),
(4, 'FD0205', 'FD0205 Cracking Ball 20/12/6', '', '20/12/6', 11, 0),
(5, 'FD999', 'FD999 Waterfall Indoor 40s 60m', 'Cake', '', 50, 0),
(6, 'FD006', 'FD006 Flower Power Fountain 24/10', '', '24/10', 8, 1),
(7, 'FD0114', 'FD0114 Orioles Sing 240/12', '', '240/12', 27, 0),
(8, 'FD0115', 'FD0115 Orioles Sing w/ Crackling 240/12', '', '240/12', 134, 0),
(9, 'FD0204', 'FD0204 Magic Whip 25 Cm 72/12', '', '72/12', 9, 0),
(10, 'FD0204-80', 'FD0204-80 Magic Whip 25 Cm 72/12', '', '72/12', 44, 0),
(11, 'FD0210', 'FD0210 Pulling Firewerks 20/144/12', 'Cake', '20/144/12', 100, 0),
(12, 'FD0281', 'FD0281 Luftheuler Whistling 30/10/20', 'Cake', '30/10/20', 100, 0),
(13, 'FD0282', 'FD0282 Luftheuler Crackling 30/10/20', 'Cake', '30/10/20', 223, 0),
(14, 'FD0345 ', 'FD0345 20s Chang Dragons 36/4', '', '36/4', 25, 0),
(15, 'FD0439', 'FD0439 Bumble Bee 300/12', 'Cake', '300/12', 5, 0),
(16, 'FD0519', 'FD0519 Eagles 15s 24/10', 'Cake', '24/10', -28, 0),
(17, 'FD0534', 'FD0534 Butterfly 36/12', '', '36/12', 40, 0),
(18, 'FD0819', 'FD0819 Assorted Ninja Ball 20/12/6 (Batu)', 'Cake', '20/12/6', 550, 0),
(19, 'FD0860', 'FD0860 SmokeBallPaper 20/12/6', '', '20/12/6', 0, 0),
(20, 'FD0901C', 'FD0901C Ground Bloom 20/12/6 (B)', 'Cake', '20/12/6', 71, 0),
(21, 'FD101', 'FD101 Rubbing Bang 18/50/10', 'Cake', '18/50/10', 1000, 0),
(22, 'FD1005', 'FD1005 5 S ROMAN CANDLE DOUBLE BREAK 20/2', '', '20/2', 0, 0),
(23, 'FD1010', 'FD1010 10s Roman Candles 0.8 inch  36/2', 'Roman Candles', '36/2', 163, -27),
(24, 'FD1011', 'FD1011 10s Roman Candles 0.8 inch  36/2', 'Roman Candles', '36/2', 191, -10),
(25, 'FD1012', 'FD1012 10s Roman Candles 1 inch  20/2', 'Roman Candles', '20/2', 136, 16),
(26, 'FD1015', 'FD1015 10s Roman Candles 1 inch  20/2', 'Roman Candles', '20/2', 131, 0),
(27, 'FD1019', 'FD1019 8s Roman Candles 0.9 inch  24/2', 'Cake', '24/2', 0, 0),
(28, 'FD1037', 'FD1037 5s Roman Candles 0.8 inch  24/4', 'Roman Candles', '24/4', 0, 1),
(29, 'FD1039', 'FD1039 8s Roman Candles 0.9 inch  24/2', 'Cake', '24/2', 0, 0),
(30, 'FD1043', 'FD1043 6s Roman Candles 1 inch  24/2', 'Roman Candles', '24/2', 99, 0),
(31, 'FD1051', 'FD1051 5s Roman Candles 0.75 inch  48/2', 'Roman Candles', '48/2', 0, 0),
(32, 'FD1052', 'FD1052 5s Roman Candles 0.75 inch  48/2', 'Roman Candles', '48/2', 27, 47),
(33, 'FD1053', 'FD1053 5s Roman Candles 0.8 inch  24/4', 'Roman Candles', '24/4', 146, 0),
(34, 'FD1054', 'FD1054 5s Roman Candles 0.8 inch  48/2', 'Cake', '48/2', 1, 9),
(35, 'FD1056', 'FD1056 5s Roman Candles 0.75 inch  48/2', 'Roman Candles', '48/2', 0, 0),
(36, 'FD1057', 'FD1057 5s Roman Candles 0.75 inch  24/4', 'Roman Candles', '24/4', 12, 0),
(37, 'FD1070', 'FD1070 5s Roman Candles 0.75 inch  24/4', 'Roman Candles', '24/4', 0, 0),
(38, 'FD1071', 'FD1071 5s Roman Candles 0.75 inch  48/2', 'Roman Candles', '48/2', -8, 30),
(39, 'FD1072', 'FD1072 5s Roman Candles 0.8 inch  48/2', 'Roman Candles', '48/2', 22, 0),
(40, 'FD1073', 'FD1073 5s Roman Candles 0.8 inch  24/4', 'Roman Candles', '24/4', 1, 0),
(41, 'FD1084', 'FD1084 8s Blue Coconut 1.2 inch  25/1', '', '25/1', 98, 0),
(42, 'FD1085', 'FD1085 8s Roman Candles 1.5 inch  18/1', 'Cake', '18/1', 75, 0),
(43, 'FD1087', 'FD1087 8s Roman Candles 1 inch  24/2', 'Cake', '24/2', 88, 0),
(44, 'FD1130', 'FD1130 25 Missile 30/4', '', '30/4', 81, 0),
(45, 'FD1130-50', 'FD1130-50 Saturn Missile 50 30/2', '', '30/2', 4, 0),
(46, 'FD1131', 'FD1131 Black Snake 24/48/6', 'Cake', '24/48/6', 300, 0),
(47, 'FD1201', 'FD1201 12s Roman Candle 20/2', 'Roman Candles', '20/2', 91, 0),
(48, 'FD1206', 'FD1206 6s Navy 24/4', '', '24/4', 50, 0),
(49, 'FD1208', 'FD1208 8 S R/C 1.2 inch  36/1', '', '36/1', 66, 0),
(50, 'FD1210', 'FD1210 10 ROMAN CANDLE 1.2 inch  25/1', 'Roman Candles', '25/1', 2, 0),
(51, 'FD12-242', 'FD12-242 8s Roman Candles 0.8 inch  24/4', 'Roman Candles', '24/4', 105, -9),
(52, 'FD1233', 'FD1233 5s RC Triple Breaks 1.2 inch  18/1', '', '18/1', 39, 0),
(53, 'FD152B', 'FD152B Spinning & Flash 60/24', '', '60/24', 1, 0),
(54, 'FD1508', 'FD1508 8 S R/C 1.5 inch  20/1', 'Cake', '20/1', 2, 7),
(55, 'FD1510', 'FD 1510 10 S R/C 1.5 inch  18/1', '', '18/1', 8, 0),
(56, 'FD2-018', 'FD2-018 8s Roman Candles 20/2', 'Roman Candles', '20/2', 11, 0),
(57, 'FD2-128', 'FD2-128 8s Roman Candles 25/1', 'Roman Candles', '25/1', 56, 0),
(58, 'FD2115', 'FD2115 Piro 60/24', '', '60/24', 163, 31),
(59, 'FD2068', 'FD2068 Knocking Ball 24/12/2 0.5 inch ', '', '24/12/2', -3, 0),
(60, 'FD2218', 'FD2218 10s Color Pearls 60/12', '', '60/12', 0, 0),
(61, 'FD2219', 'FD2219 20s Color Pearls 24/12', '', '24/12', 2, 0),
(62, 'FD2220', 'FD2220 30s Color Pearls 36/12', '', '36/12', 0, 0),
(63, 'FD2507', 'FD2507 48s Color Pearl Flower 24/4', '', '24/4', 0, 0),
(64, 'FD2635', 'FD2635 Air Mancur Kobra 24/6', '', '24/6', 2, 0),
(65, 'FD301', 'FD301 Glow of Sunset 40/100', 'Cake', '40/100', 100, 0),
(66, 'FD3013', 'FD3013 Happy Flower 18/18/6', 'Cake', '18/18/6', 1102, 0),
(67, 'FD3513', 'FD3513 BLOOMING FLOWER 24/6', '', '24/6', 60, -4),
(68, 'FD3515', 'FD3515 Blooming Flower 24/6', '', '24/6', 0, 6),
(69, 'FD4020', 'FD4020 25s Jumbo Missile 24/1', '', '24/1', 0, 0),
(70, 'FD4021', 'FD4021 36s Jumbo Missile 24/1', '', '24/1', 0, 1),
(71, 'FD4140', 'FD4140 Silber Blueten 24/12/6', '', '24/12/6', 0, 0),
(72, 'FD4142', 'FD4142 Silber Blueten Crackling 24/12/6', '', '24/12/6', 0, 0),
(73, 'FD509', 'FD509', '', '', 0, 0),
(74, 'FD5005', 'FD5005 Golden to silver fountain 30s 3m 20/5', '', '20/5', -2, 0),
(75, 'FD5003', 'FD5003 Red Fountain 1s3m 20/5', '', '20/5', 6, 0),
(76, 'FD5020', 'FD5020 STAGE FIREWORKS 20 S 2 M', 'Cake', '', 50, 0),
(77, 'FD5031', 'FD5031 Silver Stage Fireworks 20s 6m 50/1', '', '50/1', 2, 0),
(78, 'FD5032A', 'FD5032A STAGE FIREWORKS 1 S 6 M RED', '', '', 10, 0),
(79, 'FD5032', 'FD5032 Silver Stage Fireworks 1s 6m 20/5', '', '20/5', 85, 0),
(80, 'FD5037', 'FD5037 Silver Fountain 3m high/20s', 'Cake', '', 75, 0),
(81, 'FD5038', 'FD5038 Silver Fountain 3m high/30s', 'Cake', '', 75, 0),
(82, 'FD5101', 'FD5101 Western Light 36s 72/1', '', '72/1', 26, 0),
(83, 'FD516', 'FD516 16 SHOT CAKE 0.8 inch  24/1', 'Cake', '24/1', 0, 0),
(84, 'FD526', 'FD526 Spring Butterflies 24/10/12', '', '24/10/12', 0, 0),
(85, 'FD555', 'FD555 Conic Fountain 50s 18/1', '', '18/1', 0, 0),
(86, 'FD607', 'FD607 TELUR PUYUH 40/20/5', '', '40/20/5', 0, 0),
(87, 'FD608', 'FD608 Ground Spinning Peony 40/12/12', 'Cake', '40/12/12', 598, 0),
(88, 'FD608C', 'FD608C Crazy Spinning w/ Crackling 40/12/12', 'Cake', '40/12/12', 348, 0),
(89, 'FD6236R', 'FD6236R 10 Magical Shot Report 60/12', 'Cake', '60/12', 300, 0),
(90, 'FD6238R', 'FD6238R 20 Magical Shot Report 48/12', 'Cake', '48/12', 450, 0),
(91, 'FD6240R', 'FD6240R 30 Magical Shot Report 36/12', 'Cake', '36/12', 400, 0),
(92, 'FD6242R', 'FD6242R 40 Magical Shot Report 36/12', 'Cake', '36/12', 500, 0),
(93, 'FD6244R', 'FD6244R 60 Magical Shot Report 36/6', 'Cake', '36/6', 100, 0),
(94, 'FD6246R', 'FD6246R 80 Magical Shot Report 24/6', 'Cake', '24/6', 3, 0),
(95, 'FD6248R', 'FD6248R 100 Magical Shot Report 24/6', 'Cake', '24/6', 287, 0),
(96, 'FD665', 'FD665 Dragon Eggs (Small) 24/24/12', 'Cake', '24/24/12', 672, 0),
(97, 'FD667711', 'FD667711 ULAR NAGA 100/12', '', '100/12', 0, 0),
(98, 'FD667A', 'FD667A Dragon Eggs (Super) 24/24/12', 'Cake', '24/24/12', 107, 0),
(99, 'FD668', 'FD668 Dragon Eggs (Big) 24/24/12', 'Cake', '24/24/12', 1265, 2),
(100, 'FD669', 'FD669 Fivefold Colour 20/20/10', '', '20/20/10', 18, 0),
(101, 'FD675', 'FD675 Silver Crackling 24/24/6', 'Cake', '24/24/6', 25, 0),
(102, 'FD701', 'FD701 Hen Lying Eggs', 'Cake', '24/12', 25, 0),
(103, 'FD676', 'FD676 Silver Glittering Biasa 36/24/6', '', '36/24/6', 22, 0),
(104, 'FD7030', 'FD7030 Rocket (2x Pecah) 24/4', '', '24/4', 2, -3),
(105, 'FD7031', 'FD7031 Rocket (Ada 4 Corak) 20/4', '', '20/4', 19, 16),
(106, 'FD705', 'FD705 Tank 40/12', 'Cake', '40/12', 100, 0),
(107, 'FD705B', 'FD705B Tank 72/4', '', '72/4', 6, 0),
(108, 'FD728', 'FD728 Pop Pop Snapper (Paper) 12/50/50', 'Cake', '12/50/50', 1061, 0),
(109, 'FD7177', 'FD7177HandHeld Silver Fountain 2m 30/10', '', '30/10', 8, 0),
(110, 'FD7723', 'FD7723 Super Blitz 45/10', '', '45/10', 39, 0),
(111, 'FD7750', 'FD7750 Botao Crackling 6/40/12', '', '6/40/12', 1, 0),
(112, 'FD8002', 'FD8002 FAST FOUNTAIN 3SEC 3M 20/5', 'Cake', '20/5', 28, 0),
(113, 'FD8006', 'FD8006 SILVER FOUNTAIN  20SEC 5M 20/5', '', '20/5', 15, 0),
(114, 'FD805', 'FD805 Thunderbolt 48/6', '', '48/6', 13, 0),
(115, 'FD808C', 'FD808C 8s Roman Candles 0.8 inch  24/4', 'Cake', '24/4', 0, 0),
(116, 'FD8500', 'FD8500 Snapper (Plastic) 12/50/30', '', '12/50/30', 47, 0),
(117, 'FD871', 'FD871 Moon Traveller 40/12/12', 'Cake', '40/12/12', 100, 0),
(118, 'FD872', 'FD872 Triple Whistle w/ Report 40/12/12', '', '40/12/12', -22, 0),
(119, 'FD888', 'FD888 Base Missile 25s 30/4', '', '30/4', 88, 3),
(120, 'FDC12C', 'FDC12C 100s Missile with Crackling 30/1', '', '30/1', 28, 4),
(121, 'FD-K7702A', 'FD-K7702A Happy 36s 24/1', '', '24/1', 1, 0),
(122, 'FD-K7702B', 'FD-K7702B Happy 16s 48/1', '', '48/1', 16, 0),
(123, 'SF-153', 'SF-153 12s Cake 1 inch  24/1', 'Cake', '24/1', 1, 0),
(124, 'SF-253', 'SF-253 25s Cake 0.6 inch  18/1', 'Cake', '18/1', 0, 7),
(125, 'SF-588', 'SF-588 81s Cake 18/1', 'Cake', '18/1', 1, 0),
(126, 'FD01-15', 'FD 01-15 15s Roman Candle 0.8 inch  20/2', 'Roman Candles', '20/2', 54, 0),
(127, 'FD08-08A', 'FD08-08 A 8s Roman Candle 0.8 inch  48/2', 'Cake', '48/2', 150, 0),
(128, 'FD08-08B', 'FD08-08 B 8s Roman Candle 0.8 inch  48/2', 'Roman Candles', '48/2', 28, 0),
(129, 'FD08-08C', 'FD08-08 C 8s Roman Candle 0.8 inch  48/2', 'Roman Candles', '48/2', 36, 0),
(130, 'FD08-12', 'FD08-12 12s Roman Candle 0.8 inch  24/2', 'Roman Candles', '24/2', 70, 0),
(131, 'FD08-15', 'FD08-15 15s Roman Candle 0.8 inch  24/2', 'Cake', '24/2', 18, 0),
(132, 'FD08-10', 'FD08-10 10s Roman Candle 24/4', 'Cake', '24/4', 150, 0),
(133, 'FD08-16', 'FD08-16 16S Cake 24/1', 'Cake', '24/1', 30, 0),
(134, 'FD08-36', 'FD08-36 36S Cake 24/1', 'Cake', '24/1', 5, 19),
(135, 'T0513', 'T0513 Parachute 96/6', '', '96/6', 4, 0),
(136, 'FD1077', 'FD1077 5s Roman Candle 1 inch  24/2', 'Cake', '24/2', 0, 0),
(137, 'FD1086', 'FD1086 8s Roman Candle 1 inch  24/2', 'Roman Candles', '24/2', 12, 18),
(138, 'FD12-259', 'FD12-259 8s Roman Candle 0.8 inch  48/2', 'Cake', '48/2', 0, 0),
(139, 'FD1078', 'FD1078 5s Roman Candle 1 inch  24/2', 'Roman Candles', '24/2', 60, 0),
(140, 'FD12-101', 'FD12-101 100s Cake 1.2 inch (FAN)', 'Cake', '', 1, 0),
(141, 'FD12-102', 'FD12-102 100s Cake 1.2 inch (FAN)', 'Cake', '', 42, 0),
(142, 'FD12-100', 'FD12-100 100s Cake 1.2 inch (FAN)', 'Cake', '', 47, -1),
(143, 'FD12-150', 'FD12-150 150s Cake 1.2 inch  (FAN)', 'Cake', '', 0, 0),
(144, 'FD15-200', 'FD15-200 200s Cake 1.5 inch ', 'Cake', '', 0, 0),
(145, 'FD18-049', 'FD18-049 49s Cake 1.8 inch (FAN)', 'Cake', '', 0, 0),
(146, 'FD12-151', 'FD12-151 150s Cake (FAN) 1.2 inch ', 'Cake', '', 1, 0),
(147, 'FD12-258', 'FD12-258 8s Roman Candle 0.8 inch  48/2', 'Roman Candles', '48/2', 0, 0),
(148, 'FD12-257', 'FD12-257 8s Roman Candle 0.8 inch  48/2', 'Roman Candles', '48/2', 5, 0),
(149, 'FD1930', 'FD1930', '', '', 4, 0),
(150, 'FD075-8A', 'FD 075-8 A 8 S R/C 0.75 inch  24/4', 'Cake', '24/4', 20, 0),
(151, 'FD075-8B', 'FD 075-8 B 8 S R/C 0.75 inch  24/4', 'Cake', '24/4', 0, 0),
(152, 'FD075-8C', 'FD 075-8 C 8 S R/C 0.75 inch  24/4', 'Cake', '24/4', 0, 0),
(153, 'FD075-5A', 'FD 075-5 A 5 S R/C 0.75 inch  48/2', 'Cake', '48/2', -5, 0),
(154, 'FD075-5B', 'FD 075-5 B 5 S R/C 0.75 inch  48/2', 'Cake', '48/2', 3, 0),
(155, 'FD075-5C', 'FD 075-5 C 5 S R/C 0.75 inch  48/2', 'Cake', '48/2', 10, 0),
(156, 'FD1-600', 'FD1-600', 'Cake', '', 3, 0),
(157, 'FD1-200', 'FD1-200', 'Cake', '', 3, 0),
(158, 'FD-F08', 'FD-F08 8 inch Cone Fountain 50s 12/2', 'Toy', '12/2', 30, 2),
(159, 'FD326', 'FD326 12 shoot Triple Peony 8/1', 'Cake', '8/1', 0, 0),
(160, 'FD08-200', 'FD08-200 200 S CAKE 0.8 inch  2/1', 'Cake', '2/1', 5, 0),
(161, 'FD08-600', 'FD08-600 600 S CAKE 0.8 1/1', 'Cake', '2/1', 8, 0),
(162, 'FD1088', 'FD1088 8s Roman Candle 1.8 inch  12/1', 'Roman Candle', '12/1', 84, 6),
(163, 'FD1089', 'FD1089 8s Roman Candle 1.8 inch  12/1\r\n', 'Roman Candle', '12/1', 113, 8),
(164, 'FD1810', 'FD1810 10 S R/C 1.9 inch  12/1', 'Roman Candle', '12/1', 33, 0),
(165, 'FD1811', 'FD1811 10 S R/C 1.8 inch  12/1', 'Roman Candle', '12/1', 0, 0),
(166, 'FD1836', 'FD1836 Cake 36s 1.8 inch  2/1', 'Cake', '2/1', 1, 0),
(167, 'FD226', 'FD 226 CAKE 226 SHOT 1/1\r\n', 'Cake', '1/1', 7, 0),
(168, 'FD325', 'FD325 25s Triple Flower 8/1', 'Cake', '8/1', 0, 0),
(169, 'FD5008', 'FD5008 Double Artillery Shell Box 12/6\r\n', '', '12/6', 0, 4),
(170, 'FD5008A', 'FD5008A Double Artillery Shell Pvc 12/6', 'Cake', '12/6', 0, 0),
(171, 'FD5009', 'FD5009 Triple Artillery Shell Box 12/6', '', '12/6', 71, 7),
(172, 'FD5009A', 'FD5009A Triple Artillery Shell Pvc 12/6', '', '12/6', 5, 10),
(173, 'FD5010', 'FD5010 Four Artillery Shell Box 12/6', '', '12/6', 0, 0),
(174, 'FD5010A', 'FD5010A Four Artillery Shell Pvc 12/6', '', '12/6', 10, 9),
(175, 'FD5011', 'FD5011 Five Artillery Shell Box 12/6', '', '12/6', 3, 3),
(176, 'FD5030', 'FD5030 Silver Stage Fireworks 20/5 (Baru)\r\n', '', '20/5', 0, 0),
(177, 'FD5030', 'FD5030 Silver Stage Fireworks 20/5 (Lama)', '', '20/5', 11, 0),
(178, 'FD515', 'FD515 Single Artillery Shell Box 12/12', '', '12/12', 35, 11),
(179, 'FD515A', 'FD515A Single Artillery Shell Pvc 12/12\r\n', '', '12/12', 3, 4),
(180, 'FD5138', 'FD5138 138 SHOT 0.8 3/1\r\n', 'Cake', '3/1', 9, 0),
(181, 'FD5168', 'FD5168 168 S CAKE 0.8 1/1', 'Cake', '1/1', 6, -2),
(182, 'FD7034', 'FD7034 50s Assorted Shell 2 inch  1/1', '', '1/1', 28, 0),
(183, 'FD7035', 'FD7035 25s Assorted Shell 3 inch  1/1\r\n', '', '1/1', 25, 0),
(184, 'FD7036', 'FD7036 20s Assorted Shell 4 inch  1/1', '', '1/1', 26, 0),
(185, 'FD7037', 'FD7037 25s Assorted Shell 3.5 inch  1/1\r\n', 'Cake', '1/1', 34, 0),
(186, 'FD736', 'FD736 36 SHOT 8/1', 'Cake', '8/1', 17, 1),
(187, 'FD777', 'FD777 Celebration Rocket 10/12', '', '10/12', 2, 4),
(188, 'FD778', 'FD778 Ball Display Rocket 12/5', '', '12/5', 8, 10),
(189, 'FD8012', 'FD8012 Cake 13s 8/1', 'Cake', '8/1', 0, 7),
(190, 'FD8097', 'FD8097 25s Cake 0.8 inch  12/1', 'Cake', '12/1', 13, 6),
(191, 'FD8101', 'FD8101 100s Cake 0.8 inch  4/1', 'Cake', '4/1', 6, 0),
(192, 'FD88', 'FD88  87 S Cake Mix 1/1', 'Cake', '1/1', 1, 0),
(193, 'FD9004', 'FD9004 49 s Cake 0.8 inch  6/1\r\n', 'Cake', '6/1', 0, 3),
(194, 'FD9006', 'FD9006 25 S CAKE 1 inch  8/1', 'Cake', '8/1', 4, 0),
(195, 'FD9008', 'FD9008 19s Cake 1.2 inch  6/1', 'Cake', '6/1', 0, 0),
(196, 'FD919', 'FD919 19 SHOT CAKE 1.2 8/1', 'Cake', '8/1', 0, 2),
(197, 'FD949', 'FD949 2/1', 'Cake', '2/1', 1, 0),
(198, 'FD9138', 'FD9138 138s Cake 1.8 inch  1/1', 'Cake', '1/1', 0, 0),
(199, 'FD9150', 'FD9150 150s 1/1\r\n', 'Cake', '1/1', 2, 0),
(200, 'FD9188', 'FD9188 188s Cake 1.8 inch  1/1', 'Cake', '1/1', 0, 0),
(201, 'FD9300', 'FD9300 300s Cake 1.2 inch  1/1', 'Cake', '1/1', 0, 0),
(202, 'FD1925', 'FD1925 25s Cake 1.8 inch  2/1', 'Cake', '2/1', 10, -1),
(203, 'FD1936', 'FD1936 36s Cake 1.8 inch  2/1', 'Cake', '2/1', 6, 0),
(204, 'FD1949', 'FD1949 49s Cake 1.8 inch  1/1', 'Cake', '1/1', 5, 0),
(205, 'RC602', 'RC602 8s Roman Candle 2.5 inch  9/1', 'Roman Candle', '9/1', 36, 3),
(206, 'RC603', 'RC603 8s Roman Candle 2 inch  12/1', 'Roman Candle', '12/1', 9, 5),
(207, 'RC606', 'RC606 6s Roman Candle 3 inch  6/1', 'Roman Candle', '6/1', 0, 0),
(208, 'SF-106', 'SF-106 25s Cake 1.2 inch  4/1', 'Cake', '4/1', 0, 0),
(209, 'SF-C028', 'SF-C028 20s Cake 1.2 inch  6/1', 'Cake', '6/1', 0, 1),
(210, 'SF-C029', 'SF-C029 24s Cake 1.2 inch  4/1', 'Cake', '4/1', 1, 0),
(211, 'SF-C030', 'SF-C030 12s Cake 1.5 inch  8/1', 'Cake', '8/1', 2, 0),
(212, 'SF-C041', 'SF-C041 12s Cake 1.3/4 inch  3/1', 'Cake', '3/1', 0, 0),
(213, 'FD08-100', 'FD08-100 100S Cake 4/1', 'Cake', '4/1', 30, 0),
(214, 'FD08-300', 'FD08-300 300S Cake 1/1', 'Cake', '1/1', 19, 0),
(215, 'FD12-19', 'FD12-19 19S Cake 6/1 1.2 inch', 'Cake', '6/1', 43, -4),
(216, 'FD12-36', 'FD12-36 36S Cake 3/1', 'Cake', '3/1', 1, 2),
(217, 'FD12-50', 'FD12-50 49S Cake 2/1', 'Cake', '2/1', 0, 0),
(218, 'FD12-49', 'FD12-49 49S Cake FAN 2/1', 'Cake', '2/1', 5, -1),
(219, 'FD12-26', 'FD12-26 25S Cake FAN 4/1', 'Cake', '4/1', 0, 1),
(220, 'FD12-108', 'FD12-108 100S Cake 1/1', 'Cake', '1/1', 0, 0),
(221, 'FD1825', 'FD1825 Cake 25s 1.8 inch  2/1', 'Cake', '2/1', 9, -1),
(222, 'FD1525', 'FD1525 Cake 25s 1.5 inch  4/1', 'Cake', '4/1', 10, 0),
(223, 'FD1536', 'FD1536 Cake 36s 1.5 inch  3/1', 'Cake', '3/1', 0, 0),
(224, 'FD1549', 'FD1549 Cake 49s 1.5 inch  2/1', 'Cake', '2/1', 0, 0),
(225, 'FD9200', 'FD9200 Cake 100s 1.8 inch  1/1', 'Cake', '1/1', 0, 0),
(226, 'FD9800', 'FD9800 Cake 100s 1.5 inch  1/1', 'Cake', '1/1', 1, 0),
(227, 'FD12-25', 'FD12-25 25s Cake 1.2 inch  (FAN) 4/1', 'Cake', '4/1', 0, 0),
(228, 'FD15', 'FD15-1.2 inch  15s Roman Candles 16/1', 'Roman Candle', '16/1', 47, 0),
(229, 'FD15-88', 'FD15-88 88s Cake 1/1\r\n', 'Cake', '1/1', 12, 0),
(230, 'FD18-50', 'FD18-50 50s Cake 2/1', 'Cake', '2/1', 15, -1),
(231, 'FD18-88', 'FD18-88 88s Cake 1/1', 'Cake', '1/1', 14, 0),
(232, 'FD1-300', 'FD1-300 300s Cake 1/1', 'Cake', '1/1', 18, 0),
(233, 'FD301A', 'FD301A GLOW OF SUNSET W/CRACKLING ', 'Cake', '40/100', 25, 0),
(234, 'FD60S', 'FD60S SPARKLER 60CM', 'Cake', '100/6', 10, 0),
(235, 'FD08-5A', 'FD08-5A 5S ROMAN CANDLE ', 'Roman Candle', '48/2', 150, 0),
(236, 'FD4060', 'FD4060 SMOKE', 'Toy', '20/6', 10, 0),
(237, 'FD789', 'FD789 ALUMITE GOLDEN PAPER', 'Toy', '5kg', 10, 0);

-- --------------------------------------------------------

--
-- Table structure for table `ms_product_old`
--

CREATE TABLE `ms_product_old` (
  `ID` int(11) NOT NULL DEFAULT '0',
  `code` varchar(100) CHARACTER SET utf8 DEFAULT NULL,
  `detail` text CHARACTER SET utf8,
  `type` varchar(50) CHARACTER SET utf8 DEFAULT NULL,
  `packing` varchar(100) CHARACTER SET utf8 DEFAULT NULL,
  `crt` int(11) DEFAULT NULL,
  `pcs` int(11) DEFAULT NULL
) ENGINE=InnoDB DEFAULT CHARSET=latin1;

--
-- Dumping data for table `ms_product_old`
--

INSERT INTO `ms_product_old` (`ID`, `code`, `detail`, `type`, `packing`, `crt`, `pcs`) VALUES
(1, 'FD0440', 'FD0440 Moon Travel 0.2 inch  50/12/12', 'Cake', '50/12/12', 0, 0),
(2, '0445D', '0445D 3 Whistling 20/20/3', '', '20/20/3', 44, 17),
(3, 'FD002', 'FD002 Foncake 7s 40/1', 'Cake', '40/1', 5, 38),
(4, 'FD0205', 'FD0205 Cracking Ball 20/12/6', '', '20/12/6', 11, 0),
(5, 'FD999', 'FD999 Waterfall Indoor 40s 60m', 'Cake', '', -23, 0),
(6, 'FD006', 'FD006 Flower Power Fountain 24/10', '', '24/10', 8, 1),
(7, 'FD0114', 'FD0114 Orioles Sing 240/12', '', '240/12', 27, 0),
(8, 'FD0115', 'FD0115 Orioles Sing w/ Crackling 240/12', '', '240/12', 134, 0),
(9, 'FD0204', 'FD0204 Magic Whip 25 Cm 72/12', '', '72/12', 9, 0),
(10, 'FD0204-80', 'FD0204-80 Magic Whip 25 Cm 72/12', '', '72/12', 44, 0),
(11, 'FD0210', 'FD0210 Pulling Firewerks 20/144/12', '', '20/144/12', 0, 0),
(12, 'FD0281', 'FD0281 Luftheuler Whistling 30/10/20', 'Cake', '30/10/20', 23, 0),
(13, 'FD0282', 'FD0282 Luftheuler Crackling 30/10/20', 'Cake', '30/10/20', 1, 0),
(14, 'FD0345 ', 'FD0345 20s Chang Dragons 36/4', '', '36/4', 25, 0),
(15, 'FD0439', 'FD0439 Bumble Bee 300/12', 'Cake', '300/12', 5, 0),
(16, 'FD0519', 'FD0519 Eagles 15s 24/10', 'Cake', '24/10', -28, 0),
(17, 'FD0534', 'FD0534 Butterfly 36/12', '', '36/12', 40, 0),
(18, 'FD0819', 'FD0819 Assorted Ninja Ball 20/12/6 (Batu)', 'Cake', '20/12/6', -1, 0),
(19, 'FD0860', 'FD0860 SmokeBallPaper 20/12/6', '', '20/12/6', 0, 0),
(20, 'FD0901C', 'FD0901C Ground Bloom 20/12/6 (B)', 'Cake', '20/12/6', 71, 0),
(21, 'FD101', 'FD101 Rubbing Bang 18/50/10', 'Cake', '18/50/10', 3, 0),
(22, 'FD1005', 'FD1005 5 S ROMAN CANDLE DOUBLE BREAK 20/2', '', '20/2', 0, 0),
(23, 'FD1010', 'FD1010 10s Roman Candles 0.8 inch  36/2', 'Roman Candles', '36/2', 163, -27),
(24, 'FD1011', 'FD1011 10s Roman Candles 0.8 inch  36/2', 'Roman Candles', '36/2', 191, -10),
(25, 'FD1012', 'FD1012 10s Roman Candles 1 inch  20/2', 'Roman Candles', '20/2', 136, 16),
(26, 'FD1015', 'FD1015 10s Roman Candles 1 inch  20/2', 'Roman Candles', '20/2', 131, 0),
(27, 'FD1019', 'FD1019 8s Roman Candles 0.9 inch  24/2', 'Cake', '24/2', 0, 0),
(28, 'FD1037', 'FD1037 5s Roman Candles 0.8 inch  24/4', 'Roman Candles', '24/4', 0, 1),
(29, 'FD1039', 'FD1039 8s Roman Candles 0.9 inch  24/2', 'Cake', '24/2', 0, 0),
(30, 'FD1043', 'FD1043 6s Roman Candles 1 inch  24/2', 'Roman Candles', '24/2', 99, 0),
(31, 'FD1051', 'FD1051 5s Roman Candles 0.75 inch  48/2', 'Roman Candles', '48/2', 0, 0),
(32, 'FD1052', 'FD1052 5s Roman Candles 0.75 inch  48/2', 'Roman Candles', '48/2', 27, 47),
(33, 'FD1053', 'FD1053 5s Roman Candles 0.8 inch  24/4', 'Roman Candles', '24/4', 146, 0),
(34, 'FD1054', 'FD1054 5s Roman Candles 0.8 inch  48/2', 'Cake', '48/2', 1, 9),
(35, 'FD1056', 'FD1056 5s Roman Candles 0.75 inch  48/2', 'Roman Candles', '48/2', 0, 0),
(36, 'FD1057', 'FD1057 5s Roman Candles 0.75 inch  24/4', 'Roman Candles', '24/4', 12, 0),
(37, 'FD1070', 'FD1070 5s Roman Candles 0.75 inch  24/4', 'Roman Candles', '24/4', 0, 0),
(38, 'FD1071', 'FD1071 5s Roman Candles 0.75 inch  48/2', 'Roman Candles', '48/2', -8, 30),
(39, 'FD1072', 'FD1072 5s Roman Candles 0.8 inch  48/2', 'Roman Candles', '48/2', 22, 0),
(40, 'FD1073', 'FD1073 5s Roman Candles 0.8 inch  24/4', 'Roman Candles', '24/4', 1, 0),
(41, 'FD1084', 'FD1084 8s Blue Coconut 1.2 inch  25/1', '', '25/1', 98, 0),
(42, 'FD1085', 'FD1085 8s Roman Candles 1.5 inch  18/1', 'Cake', '18/1', -5, 0),
(43, 'FD1087', 'FD1087 8s Roman Candles 1 inch  24/2', 'Cake', '24/2', 88, 0),
(44, 'FD1130', 'FD1130 25 Missile 30/4', '', '30/4', 81, 0),
(45, 'FD1130-50', 'FD1130-50 Saturn Missile 50 30/2', '', '30/2', 4, 0),
(46, 'FD1131', 'FD1131 Black Snake 24/48/6', 'Cake', '24/48/6', -3, 0),
(47, 'FD1201', 'FD1201 12s Roman Candle 20/2', 'Roman Candles', '20/2', 91, 0),
(48, 'FD1206', 'FD1206 6s Navy 24/4', '', '24/4', 50, 0),
(49, 'FD1208', 'FD1208 8 S R/C 1.2 inch  36/1', '', '36/1', 66, 0),
(50, 'FD1210', 'FD1210 10 ROMAN CANDLE 1.2 inch  25/1', 'Roman Candles', '25/1', 2, 0),
(51, 'FD12-242', 'FD12-242 8s Roman Candles 0.8 inch  24/4', 'Roman Candles', '24/4', 105, -9),
(52, 'FD1233', 'FD1233 5s RC Triple Breaks 1.2 inch  18/1', '', '18/1', 39, 0),
(53, 'FD152B', 'FD152B Spinning & Flash 60/24', '', '60/24', 1, 0),
(54, 'FD1508', 'FD1508 8 S R/C 1.5 inch  20/1', 'Cake', '20/1', 2, 7),
(55, 'FD1510', 'FD 1510 10 S R/C 1.5 inch  18/1', '', '18/1', 8, 0),
(56, 'FD2-018', 'FD2-018 8s Roman Candles 20/2', 'Roman Candles', '20/2', 11, 0),
(57, 'FD2-128', 'FD2-128 8s Roman Candles 25/1', 'Roman Candles', '25/1', 56, 0),
(58, 'FD2115', 'FD2115 Piro 60/24', '', '60/24', 163, 31),
(59, 'FD2068', 'FD2068 Knocking Ball 24/12/2 0.5 inch ', '', '24/12/2', -3, 0),
(60, 'FD2218', 'FD2218 10s Color Pearls 60/12', '', '60/12', 0, 0),
(61, 'FD2219', 'FD2219 20s Color Pearls 24/12', '', '24/12', 2, 0),
(62, 'FD2220', 'FD2220 30s Color Pearls 36/12', '', '36/12', 0, 0),
(63, 'FD2507', 'FD2507 48s Color Pearl Flower 24/4', '', '24/4', 0, 0),
(64, 'FD2635', 'FD2635 Air Mancur Kobra 24/6', '', '24/6', 2, 0),
(65, 'FD301', 'FD301 Glow of Sunset 40/100', 'Cake', '40/100', 3, 0),
(66, 'FD3013', 'FD3013 Happy Flower 18/18/6', 'Cake', '18/18/6', -72, 0),
(67, 'FD3513', 'FD3513 BLOOMING FLOWER 24/6', '', '24/6', 60, -4),
(68, 'FD3515', 'FD3515 Blooming Flower 24/6', '', '24/6', 0, 6),
(69, 'FD4020', 'FD4020 25s Jumbo Missile 24/1', '', '24/1', 0, 0),
(70, 'FD4021', 'FD4021 36s Jumbo Missile 24/1', '', '24/1', 0, 1),
(71, 'FD4140', 'FD4140 Silber Blueten 24/12/6', '', '24/12/6', 0, 0),
(72, 'FD4142', 'FD4142 Silber Blueten Crackling 24/12/6', '', '24/12/6', 0, 0),
(73, 'FD509', 'FD509', '', '', 0, 0),
(74, 'FD5005', 'FD5005 Golden to silver fountain 30s 3m 20/5', '', '20/5', -2, 0),
(75, 'FD5003', 'FD5003 Red Fountain 1s3m 20/5', '', '20/5', 6, 0),
(76, 'FD5020', 'FD5020 STAGE FIREWORKS 20 S 2 M', 'Cake', '', 22, 0),
(77, 'FD5031', 'FD5031 Silver Stage Fireworks 20s 6m 50/1', '', '50/1', 2, 0),
(78, 'FD5032A', 'FD5032A STAGE FIREWORKS 1 S 6 M RED', '', '', 10, 0),
(79, 'FD5032', 'FD5032 Silver Stage Fireworks 1s 6m 20/5', '', '20/5', 85, 0),
(80, 'FD5037', 'FD5037 Silver Fountain 3m high/20s', 'Cake', '', -16, 0),
(81, 'FD5038', 'FD5038 Silver Fountain 3m high/30s', 'Cake', '', 0, 0),
(82, 'FD5101', 'FD5101 Western Light 36s 72/1', '', '72/1', 26, 0),
(83, 'FD516', 'FD516 16 SHOT CAKE 0.8 inch  24/1', 'Cake', '24/1', 0, 0),
(84, 'FD526', 'FD526 Spring Butterflies 24/10/12', '', '24/10/12', 0, 0),
(85, 'FD555', 'FD555 Conic Fountain 50s 18/1', '', '18/1', 0, 0),
(86, 'FD607', 'FD607 TELUR PUYUH 40/20/5', '', '40/20/5', 0, 0),
(87, 'FD608', 'FD608 Ground Spinning Peony 40/12/12', 'Cake', '40/12/12', -35, 2),
(88, 'FD608C', 'FD608C Crazy Spinning w/ Crackling 40/12/12', 'Cake', '40/12/12', -5, 0),
(89, 'FD6236R', 'FD6236R 10 Magical Shot Report 60/12', 'Cake', '60/12', 0, 0),
(90, 'FD6238R', 'FD6238R 20 Magical Shot Report 48/12', 'Cake', '48/12', -1, 0),
(91, 'FD6240R', 'FD6240R 30 Magical Shot Report 36/12', '', '36/12', -10, 0),
(92, 'FD6242R', 'FD6242R 40 Magical Shot Report 36/12', 'Cake', '36/12', 7, 0),
(93, 'FD6244R', 'FD6244R 60 Magical Shot Report 36/6', 'Cake', '36/6', 14, 0),
(94, 'FD6246R', 'FD6246R 80 Magical Shot Report 24/6', 'Cake', '24/6', 3, 0),
(95, 'FD6248R', 'FD6248R 100 Magical Shot Report 24/6', 'Cake', '24/6', 287, 0),
(96, 'FD665', 'FD665 Dragon Eggs (Small) 24/24/12', 'Cake', '24/24/12', 109, 2),
(97, 'FD667711', 'FD667711 ULAR NAGA 100/12', '', '100/12', 0, 0),
(98, 'FD667A', 'FD667A Dragon Eggs (Super) 24/24/12', 'Cake', '24/24/12', 107, 0),
(99, 'FD668', 'FD668 Dragon Eggs (Big) 24/24/12', 'Cake', '24/24/12', 1265, 2),
(100, 'FD669', 'FD669 Fivefold Colour 20/20/10', '', '20/20/10', 18, 0),
(101, 'FD675', 'FD675 Silver Crackling 24/24/6', 'Cake', '24/24/6', 25, 0),
(102, 'FD701', 'FD701 Hen Lying Eggs', '', '', 0, 0),
(103, 'FD676', 'FD676 Silver Glittering Biasa 36/24/6', '', '36/24/6', 22, 0),
(104, 'FD7030', 'FD7030 Rocket (2x Pecah) 24/4', '', '24/4', 2, -3),
(105, 'FD7031', 'FD7031 Rocket (Ada 4 Corak) 20/4', '', '20/4', 19, 16),
(106, 'FD705', 'FD705 Tank 40/12', '', '40/12', 0, 0),
(107, 'FD705B', 'FD705B Tank 72/4', '', '72/4', 6, 0),
(108, 'FD728', 'FD728 Pop Pop Snapper (Paper) 12/50/50', 'Cake', '12/50/50', 1061, 0),
(109, 'FD7177', 'FD7177HandHeld Silver Fountain 2m 30/10', '', '30/10', 8, 0),
(110, 'FD7723', 'FD7723 Super Blitz 45/10', '', '45/10', 39, 0),
(111, 'FD7750', 'FD7750 Botao Crackling 6/40/12', '', '6/40/12', 1, 0),
(112, 'FD8002', 'FD8002 FAST FOUNTAIN 3SEC 3M 20/5', 'Cake', '20/5', 28, 0),
(113, 'FD8006', 'FD8006 SILVER FOUNTAIN  20SEC 5M 20/5', '', '20/5', 15, 0),
(114, 'FD805', 'FD805 Thunderbolt 48/6', '', '48/6', 13, 0),
(115, 'FD808C', 'FD808C 8s Roman Candles 0.8 inch  24/4', 'Cake', '24/4', 0, 0),
(116, 'FD8500', 'FD8500 Snapper (Plastic) 12/50/30', '', '12/50/30', 47, 0),
(117, 'FD871', 'FD871 Moon Traveller 40/12/12', 'Cake', '40/12/12', 12, -38),
(118, 'FD872', 'FD872 Triple Whistle w/ Report 40/12/12', '', '40/12/12', -22, 0),
(119, 'FD888', 'FD888 Base Missile 25s 30/4', '', '30/4', 88, 3),
(120, 'FDC12C', 'FDC12C 100s Missile with Crackling 30/1', '', '30/1', 28, 4),
(121, 'FD-K7702A', 'FD-K7702A Happy 36s 24/1', '', '24/1', 1, 0),
(122, 'FD-K7702B', 'FD-K7702B Happy 16s 48/1', '', '48/1', 16, 0),
(123, 'SF-153', 'SF-153 12s Cake 1 inch  24/1', 'Cake', '24/1', 1, 0),
(124, 'SF-253', 'SF-253 25s Cake 0.6 inch  18/1', 'Cake', '18/1', 0, 7),
(125, 'SF-588', 'SF-588 81s Cake 18/1', 'Cake', '18/1', 1, 0),
(126, 'FD01-15', 'FD 01-15 15s Roman Candle 0.8 inch  20/2', 'Roman Candles', '20/2', 54, 0),
(127, 'FD08-08A', 'FD08-08 A 8s Roman Candle 0.8 inch  48/2', 'Roman Candles', '48/2', 11, -2),
(128, 'FD08-08B', 'FD08-08 B 8s Roman Candle 0.8 inch  48/2', 'Roman Candles', '48/2', 28, 0),
(129, 'FD08-08C', 'FD08-08 C 8s Roman Candle 0.8 inch  48/2', 'Roman Candles', '48/2', 36, 0),
(130, 'FD08-12', 'FD08-12 12s Roman Candle 0.8 inch  24/2', 'Roman Candles', '24/2', 70, 0),
(131, 'FD08-15', 'FD08-15 15s Roman Candle 0.8 inch  24/2', 'Cake', '24/2', 18, 0),
(132, 'FD08-10', 'FD08-10 10s Roman Candle 24/4', 'Roman Candles', '24/4', 35, 0),
(133, 'FD08-16', 'FD08-16 16S Cake 24/1', 'Cake', '24/1', 0, 0),
(134, 'FD08-36', 'FD08-36 36S Cake 24/1', 'Cake', '24/1', 5, 19),
(135, 'T0513', 'T0513 Parachute 96/6', '', '96/6', 4, 0),
(136, 'FD1077', 'FD1077 5s Roman Candle 1 inch  24/2', 'Cake', '24/2', 0, 0),
(137, 'FD1086', 'FD1086 8s Roman Candle 1 inch  24/2', 'Roman Candles', '24/2', 12, 18),
(138, 'FD12-259', 'FD12-259 8s Roman Candle 0.8 inch  48/2', 'Cake', '48/2', 0, 0),
(139, 'FD1078', 'FD1078 5s Roman Candle 1 inch  24/2', 'Roman Candles', '24/2', 60, 0),
(140, 'FD12-101', 'FD12-101 100s Cake 1.2 inch (FAN)', 'Cake', '', 1, 0),
(141, 'FD12-102', 'FD12-102 100s Cake 1.2 inch (FAN)', 'Cake', '', 42, 0),
(142, 'FD12-100', 'FD12-100 100s Cake 1.2 inch (FAN)', 'Cake', '', 47, -1),
(143, 'FD12-150', 'FD12-150 150s Cake 1.2 inch  (FAN)', 'Cake', '', 0, 0),
(144, 'FD15-200', 'FD15-200 200s Cake 1.5 inch ', 'Cake', '', 0, 0),
(145, 'FD18-049', 'FD18-049 49s Cake 1.8 inch (FAN)', 'Cake', '', 0, 0),
(146, 'FD12-151', 'FD12-151 150s Cake (FAN) 1.2 inch ', 'Cake', '', 1, 0),
(147, 'FD12-258', 'FD12-258 8s Roman Candle 0.8 inch  48/2', 'Roman Candles', '48/2', 0, 0),
(148, 'FD12-257', 'FD12-257 8s Roman Candle 0.8 inch  48/2', 'Roman Candles', '48/2', 5, 0),
(149, 'FD1930', 'FD1930', '', '', 4, 0),
(150, 'FD075-8A', 'FD 075-8 A 8 S R/C 0.75 inch  24/4', 'Cake', '24/4', 20, 0),
(151, 'FD075-8B', 'FD 075-8 B 8 S R/C 0.75 inch  24/4', 'Cake', '24/4', 0, 0),
(152, 'FD075-8C', 'FD 075-8 C 8 S R/C 0.75 inch  24/4', 'Cake', '24/4', 0, 0),
(153, 'FD075-5A', 'FD 075-5 A 5 S R/C 0.75 inch  48/2', 'Cake', '48/2', -5, 0),
(154, 'FD075-5B', 'FD 075-5 B 5 S R/C 0.75 inch  48/2', 'Cake', '48/2', 3, 0),
(155, 'FD075-5C', 'FD 075-5 C 5 S R/C 0.75 inch  48/2', 'Cake', '48/2', 10, 0),
(156, 'FD1-600', 'FD1-600', 'Cake', '', 3, 0),
(157, 'FD1-200', 'FD1-200', 'Cake', '', 3, 0),
(158, 'FD-F08', 'FD-F08 8 inch Cone Fountain 50s 12/2', 'Toy', '12/2', 30, 2),
(159, 'FD326', 'FD326 12 shoot Triple Peony 8/1', 'Cake', '8/1', 0, 0),
(160, 'FD08-200', 'FD08-200 200 S CAKE 0.8 inch  2/1', 'Cake', '2/1', 5, 0),
(161, 'FD08-600', 'FD08-600 600 S CAKE 0.8 1/1', 'Cake', '2/1', 8, 0),
(162, 'FD1088', 'FD1088 8s Roman Candle 1.8 inch  12/1', 'Roman Candle', '12/1', 84, 6),
(163, 'FD1089', 'FD1089 8s Roman Candle 1.8 inch  12/1\r\n', 'Roman Candle', '12/1', 113, 8),
(164, 'FD1810', 'FD1810 10 S R/C 1.9 inch  12/1', 'Roman Candle', '12/1', 33, 0),
(165, 'FD1811', 'FD1811 10 S R/C 1.8 inch  12/1', 'Roman Candle', '12/1', 0, 0),
(166, 'FD1836', 'FD1836 Cake 36s 1.8 inch  2/1', 'Cake', '2/1', 1, 0),
(167, 'FD226', 'FD 226 CAKE 226 SHOT 1/1\r\n', 'Cake', '1/1', 7, 0),
(168, 'FD325', 'FD325 25s Triple Flower 8/1', 'Cake', '8/1', 0, 0),
(169, 'FD5008', 'FD5008 Double Artillery Shell Box 12/6\r\n', '', '12/6', 0, 4),
(170, 'FD5008A', 'FD5008A Double Artillery Shell Pvc 12/6', 'Cake', '12/6', 0, 0),
(171, 'FD5009', 'FD5009 Triple Artillery Shell Box 12/6', '', '12/6', 71, 7),
(172, 'FD5009A', 'FD5009A Triple Artillery Shell Pvc 12/6', '', '12/6', 5, 10),
(173, 'FD5010', 'FD5010 Four Artillery Shell Box 12/6', '', '12/6', 0, 0),
(174, 'FD5010A', 'FD5010A Four Artillery Shell Pvc 12/6', '', '12/6', 10, 9),
(175, 'FD5011', 'FD5011 Five Artillery Shell Box 12/6', '', '12/6', 3, 3),
(176, 'FD5030', 'FD5030 Silver Stage Fireworks 20/5 (Baru)\r\n', '', '20/5', 0, 0),
(177, 'FD5030', 'FD5030 Silver Stage Fireworks 20/5 (Lama)', '', '20/5', 11, 0),
(178, 'FD515', 'FD515 Single Artillery Shell Box 12/12', '', '12/12', 35, 11),
(179, 'FD515A', 'FD515A Single Artillery Shell Pvc 12/12\r\n', '', '12/12', 3, 4),
(180, 'FD5138', 'FD5138 138 SHOT 0.8 3/1\r\n', 'Cake', '3/1', 9, 0),
(181, 'FD5168', 'FD5168 168 S CAKE 0.8 1/1', 'Cake', '1/1', 6, -2),
(182, 'FD7034', 'FD7034 50s Assorted Shell 2 inch  1/1', '', '1/1', 28, 0),
(183, 'FD7035', 'FD7035 25s Assorted Shell 3 inch  1/1\r\n', '', '1/1', 25, 0),
(184, 'FD7036', 'FD7036 20s Assorted Shell 4 inch  1/1', '', '1/1', 26, 0),
(185, 'FD7037', 'FD7037 25s Assorted Shell 3.5 inch  1/1\r\n', 'Cake', '1/1', 34, 0),
(186, 'FD736', 'FD736 36 SHOT 8/1', 'Cake', '8/1', 17, 1),
(187, 'FD777', 'FD777 Celebration Rocket 10/12', '', '10/12', 2, 4),
(188, 'FD778', 'FD778 Ball Display Rocket 12/5', '', '12/5', 8, 10),
(189, 'FD8012', 'FD8012 Cake 13s 8/1', 'Cake', '8/1', 0, 7),
(190, 'FD8097', 'FD8097 25s Cake 0.8 inch  12/1', 'Cake', '12/1', 13, 6),
(191, 'FD8101', 'FD8101 100s Cake 0.8 inch  4/1', 'Cake', '4/1', 6, 0),
(192, 'FD88', 'FD88  87 S Cake Mix 1/1', 'Cake', '1/1', 1, 0),
(193, 'FD9004', 'FD9004 49 s Cake 0.8 inch  6/1\r\n', 'Cake', '6/1', 0, 3),
(194, 'FD9006', 'FD9006 25 S CAKE 1 inch  8/1', 'Cake', '8/1', 4, 0),
(195, 'FD9008', 'FD9008 19s Cake 1.2 inch  6/1', 'Cake', '6/1', 0, 0),
(196, 'FD919', 'FD919 19 SHOT CAKE 1.2 8/1', 'Cake', '8/1', 0, 2),
(197, 'FD949', 'FD949 2/1', 'Cake', '2/1', 1, 0),
(198, 'FD9138', 'FD9138 138s Cake 1.8 inch  1/1', 'Cake', '1/1', 0, 0),
(199, 'FD9150', 'FD9150 150s 1/1\r\n', 'Cake', '1/1', 2, 0),
(200, 'FD9188', 'FD9188 188s Cake 1.8 inch  1/1', 'Cake', '1/1', 0, 0),
(201, 'FD9300', 'FD9300 300s Cake 1.2 inch  1/1', 'Cake', '1/1', 0, 0),
(202, 'FD1925', 'FD1925 25s Cake 1.8 inch  2/1', 'Cake', '2/1', 10, -1),
(203, 'FD1936', 'FD1936 36s Cake 1.8 inch  2/1', 'Cake', '2/1', 6, 0),
(204, 'FD1949', 'FD1949 49s Cake 1.8 inch  1/1', 'Cake', '1/1', 5, 0),
(205, 'RC602', 'RC602 8s Roman Candle 2.5 inch  9/1', 'Roman Candle', '9/1', 36, 3),
(206, 'RC603', 'RC603 8s Roman Candle 2 inch  12/1', 'Roman Candle', '12/1', 9, 5),
(207, 'RC606', 'RC606 6s Roman Candle 3 inch  6/1', 'Roman Candle', '6/1', 0, 0),
(208, 'SF-106', 'SF-106 25s Cake 1.2 inch  4/1', 'Cake', '4/1', 0, 0),
(209, 'SF-C028', 'SF-C028 20s Cake 1.2 inch  6/1', 'Cake', '6/1', 0, 1),
(210, 'SF-C029', 'SF-C029 24s Cake 1.2 inch  4/1', 'Cake', '4/1', 1, 0),
(211, 'SF-C030', 'SF-C030 12s Cake 1.5 inch  8/1', 'Cake', '8/1', 2, 0),
(212, 'SF-C041', 'SF-C041 12s Cake 1.3/4 inch  3/1', 'Cake', '3/1', 0, 0),
(213, 'FD08-100', 'FD08-100 100S Cake 4/1', 'Cake', '4/1', 3, -2),
(214, 'FD08-300', 'FD08-300 300S Cake 1/1', 'Cake', '1/1', 19, 0),
(215, 'FD12-19', 'FD12-19 19S Cake 6/1 1.2 inch', 'Cake', '6/1', 43, -4),
(216, 'FD12-36', 'FD12-36 36S Cake 3/1', 'Cake', '3/1', 1, 2),
(217, 'FD12-50', 'FD12-50 49S Cake 2/1', 'Cake', '2/1', 0, 0),
(218, 'FD12-49', 'FD12-49 49S Cake FAN 2/1', 'Cake', '2/1', 5, -1),
(219, 'FD12-26', 'FD12-26 25S Cake FAN 4/1', 'Cake', '4/1', 0, 1),
(220, 'FD12-108', 'FD12-108 100S Cake 1/1', 'Cake', '1/1', 0, 0),
(221, 'FD1825', 'FD1825 Cake 25s 1.8 inch  2/1', 'Cake', '2/1', 9, -1),
(222, 'FD1525', 'FD1525 Cake 25s 1.5 inch  4/1', 'Cake', '4/1', 10, 0),
(223, 'FD1536', 'FD1536 Cake 36s 1.5 inch  3/1', 'Cake', '3/1', 0, 0),
(224, 'FD1549', 'FD1549 Cake 49s 1.5 inch  2/1', 'Cake', '2/1', 0, 0),
(225, 'FD9200', 'FD9200 Cake 100s 1.8 inch  1/1', 'Cake', '1/1', 0, 0),
(226, 'FD9800', 'FD9800 Cake 100s 1.5 inch  1/1', 'Cake', '1/1', 1, 0),
(227, 'FD12-25', 'FD12-25 25s Cake 1.2 inch  (FAN) 4/1', 'Cake', '4/1', 0, 0),
(228, 'FD15', 'FD15-1.2 inch  15s Roman Candles 16/1', 'Roman Candle', '16/1', 47, 0),
(229, 'FD15-88', 'FD15-88 88s Cake 1/1\r\n', 'Cake', '1/1', 12, 0),
(230, 'FD18-50', 'FD18-50 50s Cake 2/1', 'Cake', '2/1', 15, -1),
(231, 'FD18-88', 'FD18-88 88s Cake 1/1', 'Cake', '1/1', 14, 0),
(232, 'FD1-300', 'FD1-300 300s Cake 1/1', 'Cake', '1/1', 18, 0);

-- --------------------------------------------------------

--
-- Table structure for table `ms_product_old2`
--

CREATE TABLE `ms_product_old2` (
  `ID` int(11) NOT NULL DEFAULT '0',
  `code` varchar(100) CHARACTER SET utf8 DEFAULT NULL,
  `detail` text CHARACTER SET utf8,
  `type` varchar(50) CHARACTER SET utf8 DEFAULT NULL,
  `packing` varchar(100) CHARACTER SET utf8 DEFAULT NULL,
  `crt` int(11) DEFAULT NULL,
  `pcs` int(11) DEFAULT NULL
) ENGINE=InnoDB DEFAULT CHARSET=latin1;

--
-- Dumping data for table `ms_product_old2`
--

INSERT INTO `ms_product_old2` (`ID`, `code`, `detail`, `type`, `packing`, `crt`, `pcs`) VALUES
(1, 'FD0440', 'FD0440 Moon Travel 0.2 inch  50/12/12', 'Cake', '50/12/12', 0, 0),
(2, '0445D', '0445D 3 Whistling 20/20/3', '', '20/20/3', 44, 17),
(3, 'FD002', 'FD002 Foncake 7s 40/1', 'Cake', '40/1', 5, 38),
(4, 'FD0205', 'FD0205 Cracking Ball 20/12/6', '', '20/12/6', 9, 0),
(5, 'FD999', 'FD999 Waterfall Indoor 40s 60m', 'Cake', '', 0, 0),
(6, 'FD006', 'FD006 Flower Power Fountain 24/10', '', '24/10', 7, 1),
(7, 'FD0114', 'FD0114 Orioles Sing 240/12', '', '240/12', 25, 0),
(8, 'FD0115', 'FD0115 Orioles Sing w/ Crackling 240/12', '', '240/12', 134, 0),
(9, 'FD0204', 'FD0204 Magic Whip 25 Cm 72/12', '', '72/12', 9, 0),
(10, 'FD0204-80', 'FD0204-80 Magic Whip 25 Cm 72/12', '', '72/12', 44, 0),
(11, 'FD0210', 'FD0210 Pulling Firewerks 20/144/12', '', '20/144/12', 0, 0),
(12, 'FD0281', 'FD0281 Luftheuler Whistling 30/10/20', 'Cake', '30/10/20', 23, 0),
(13, 'FD0282', 'FD0282 Luftheuler Crackling 30/10/20', 'Cake', '30/10/20', 1, 0),
(14, 'FD0345 ', 'FD0345 20s Chang Dragons 36/4', '', '36/4', 25, 0),
(15, 'FD0439', 'FD0439 Bumble Bee 300/12', 'Cake', '300/12', 5, 0),
(16, 'FD0519', 'FD0519 Eagles 15s 24/10', 'Cake', '24/10', -28, 0),
(17, 'FD0534', 'FD0534 Butterfly 36/12', '', '36/12', 30, 0),
(18, 'FD0819', 'FD0819 Assorted Ninja Ball 20/12/6 (Batu)', 'Cake', '20/12/6', 0, 0),
(19, 'FD0860', 'FD0860 SmokeBallPaper 20/12/6', '', '20/12/6', 0, 0),
(20, 'FD0901C', 'FD0901C Ground Bloom 20/12/6 (B)', 'Cake', '20/12/6', 69, 0),
(21, 'FD101', 'FD101 Rubbing Bang 18/50/10', 'Cake', '18/50/10', 8, 0),
(22, 'FD1005', 'FD1005 5 S ROMAN CANDLE DOUBLE BREAK 20/2', '', '20/2', 0, 0),
(23, 'FD1010', 'FD1010 10s Roman Candles 0.8 inch  36/2', 'Roman Candles', '36/2', 163, -27),
(24, 'FD1011', 'FD1011 10s Roman Candles 0.8 inch  36/2', 'Roman Candles', '36/2', 190, -10),
(25, 'FD1012', 'FD1012 10s Roman Candles 1 inch  20/2', 'Roman Candles', '20/2', 130, 16),
(26, 'FD1015', 'FD1015 10s Roman Candles 1 inch  20/2', 'Roman Candles', '20/2', 126, 0),
(27, 'FD1019', 'FD1019 8s Roman Candles 0.9 inch  24/2', 'Cake', '24/2', 0, 0),
(28, 'FD1037', 'FD1037 5s Roman Candles 0.8 inch  24/4', 'Roman Candles', '24/4', 0, 1),
(29, 'FD1039', 'FD1039 8s Roman Candles 0.9 inch  24/2', 'Cake', '24/2', 0, 0),
(30, 'FD1043', 'FD1043 6s Roman Candles 1 inch  24/2', 'Roman Candles', '24/2', 99, 0),
(31, 'FD1051', 'FD1051 5s Roman Candles 0.75 inch  48/2', 'Roman Candles', '48/2', 0, 0),
(32, 'FD1052', 'FD1052 5s Roman Candles 0.75 inch  48/2', 'Roman Candles', '48/2', 25, 47),
(33, 'FD1053', 'FD1053 5s Roman Candles 0.8 inch  24/4', 'Roman Candles', '24/4', 146, 0),
(34, 'FD1054', 'FD1054 5s Roman Candles 0.8 inch  48/2', 'Cake', '48/2', 0, 9),
(35, 'FD1056', 'FD1056 5s Roman Candles 0.75 inch  48/2', 'Roman Candles', '48/2', 0, 0),
(36, 'FD1057', 'FD1057 5s Roman Candles 0.75 inch  24/4', 'Roman Candles', '24/4', 12, 0),
(37, 'FD1070', 'FD1070 5s Roman Candles 0.75 inch  24/4', 'Roman Candles', '24/4', 0, 0),
(38, 'FD1071', 'FD1071 5s Roman Candles 0.75 inch  48/2', 'Roman Candles', '48/2', -9, 30),
(39, 'FD1072', 'FD1072 5s Roman Candles 0.8 inch  48/2', 'Roman Candles', '48/2', 17, 0),
(40, 'FD1073', 'FD1073 5s Roman Candles 0.8 inch  24/4', 'Roman Candles', '24/4', 1, 0),
(41, 'FD1084', 'FD1084 8s Blue Coconut 1.2 inch  25/1', '', '25/1', 98, 0),
(42, 'FD1085', 'FD1085 8s Roman Candles 1.5 inch  18/1', 'Cake', '18/1', 0, 0),
(43, 'FD1087', 'FD1087 8s Roman Candles 1 inch  24/2', 'Cake', '24/2', 88, 0),
(44, 'FD1130', 'FD1130 25 Missile 30/4', '', '30/4', 81, 0),
(45, 'FD1130-50', 'FD1130-50 Saturn Missile 50 30/2', '', '30/2', 4, 0),
(46, 'FD1131', 'FD1131 Black Snake 24/48/6', 'Cake', '24/48/6', -3, 0),
(47, 'FD1201', 'FD1201 12s Roman Candle 20/2', 'Roman Candles', '20/2', 91, 0),
(48, 'FD1206', 'FD1206 6s Navy 24/4', '', '24/4', 50, 0),
(49, 'FD1208', 'FD1208 8 S R/C 1.2 inch  36/1', '', '36/1', 66, 0),
(50, 'FD1210', 'FD1210 10 ROMAN CANDLE 1.2 inch  25/1', 'Roman Candles', '25/1', 2, 0),
(51, 'FD12-242', 'FD12-242 8s Roman Candles 0.8 inch  24/4', 'Roman Candles', '24/4', 97, -9),
(52, 'FD1233', 'FD1233 5s RC Triple Breaks 1.2 inch  18/1', '', '18/1', 39, 0),
(53, 'FD152B', 'FD152B Spinning & Flash 60/24', '', '60/24', 1, 0),
(54, 'FD1508', 'FD1508 8 S R/C 1.5 inch  20/1', 'Cake', '20/1', 2, 7),
(55, 'FD1510', 'FD 1510 10 S R/C 1.5 inch  18/1', '', '18/1', 8, 0),
(56, 'FD2-018', 'FD2-018 8s Roman Candles 20/2', 'Roman Candles', '20/2', 1, 0),
(57, 'FD2-128', 'FD2-128 8s Roman Candles 25/1', 'Roman Candles', '25/1', 56, 0),
(58, 'FD2115', 'FD2115 Piro 60/24', '', '60/24', 161, 31),
(59, 'FD2068', 'FD2068 Knocking Ball 24/12/2 0.5 inch ', '', '24/12/2', -3, 0),
(60, 'FD2218', 'FD2218 10s Color Pearls 60/12', '', '60/12', 0, 0),
(61, 'FD2219', 'FD2219 20s Color Pearls 24/12', '', '24/12', 2, 0),
(62, 'FD2220', 'FD2220 30s Color Pearls 36/12', '', '36/12', 0, 0),
(63, 'FD2507', 'FD2507 48s Color Pearl Flower 24/4', '', '24/4', 0, 0),
(64, 'FD2635', 'FD2635 Air Mancur Kobra 24/6', '', '24/6', 2, 0),
(65, 'FD301', 'FD301 Glow of Sunset 40/100', 'Cake', '40/100', 3, 0),
(66, 'FD3013', 'FD3013 Happy Flower 18/18/6', 'Cake', '18/18/6', 0, 0),
(67, 'FD3513', 'FD3513 BLOOMING FLOWER 24/6', '', '24/6', 60, -4),
(68, 'FD3515', 'FD3515 Blooming Flower 24/6', '', '24/6', 0, 6),
(69, 'FD4020', 'FD4020 25s Jumbo Missile 24/1', '', '24/1', 0, 0),
(70, 'FD4021', 'FD4021 36s Jumbo Missile 24/1', '', '24/1', 0, 1),
(71, 'FD4140', 'FD4140 Silber Blueten 24/12/6', '', '24/12/6', 0, 0),
(72, 'FD4142', 'FD4142 Silber Blueten Crackling 24/12/6', '', '24/12/6', 0, 0),
(73, 'FD509', 'FD509', '', '', 0, 0),
(74, 'FD5005', 'FD5005 Golden to silver fountain 30s 3m 20/5', '', '20/5', -3, 0),
(75, 'FD5003', 'FD5003 Red Fountain 1s3m 20/5', '', '20/5', 6, 0),
(76, 'FD5020', 'FD5020 STAGE FIREWORKS 20 S 2 M', 'Cake', '', 19, 0),
(77, 'FD5031', 'FD5031 Silver Stage Fireworks 20s 6m 50/1', '', '50/1', 2, 0),
(78, 'FD5032A', 'FD5032A STAGE FIREWORKS 1 S 6 M RED', '', '', 10, 0),
(79, 'FD5032', 'FD5032 Silver Stage Fireworks 1s 6m 20/5', '', '20/5', 82, 0),
(80, 'FD5037', 'FD5037 Silver Fountain 3m high/20s', 'Cake', '', 0, 0),
(81, 'FD5038', 'FD5038 Silver Fountain 3m high/30s', 'Cake', '', 0, 0),
(82, 'FD5101', 'FD5101 Western Light 36s 72/1', '', '72/1', 26, 0),
(83, 'FD516', 'FD516 16 SHOT CAKE 0.8 inch  24/1', 'Cake', '24/1', 0, 0),
(84, 'FD526', 'FD526 Spring Butterflies 24/10/12', '', '24/10/12', 0, 0),
(85, 'FD555', 'FD555 Conic Fountain 50s 18/1', '', '18/1', 0, 0),
(86, 'FD607', 'FD607 TELUR PUYUH 40/20/5', '', '40/20/5', 0, 0),
(87, 'FD608', 'FD608 Ground Spinning Peony 40/12/12', 'Cake', '40/12/12', 6, 2),
(88, 'FD608C', 'FD608C Crazy Spinning w/ Crackling 40/12/12', 'Cake', '40/12/12', 0, 0),
(89, 'FD6236R', 'FD6236R 10 Magical Shot Report 60/12', 'Cake', '60/12', 0, 0),
(90, 'FD6238R', 'FD6238R 20 Magical Shot Report 48/12', 'Cake', '48/12', -1, 0),
(91, 'FD6240R', 'FD6240R 30 Magical Shot Report 36/12', 'Cake', '36/12', 0, 0),
(92, 'FD6242R', 'FD6242R 40 Magical Shot Report 36/12', 'Cake', '36/12', 2, 0),
(93, 'FD6244R', 'FD6244R 60 Magical Shot Report 36/6', 'Cake', '36/6', 14, 0),
(94, 'FD6246R', 'FD6246R 80 Magical Shot Report 24/6', 'Cake', '24/6', 3, 0),
(95, 'FD6248R', 'FD6248R 100 Magical Shot Report 24/6', 'Cake', '24/6', 172, 0),
(96, 'FD665', 'FD665 Dragon Eggs (Small) 24/24/12', 'Cake', '24/24/12', 112, 2),
(97, 'FD667711', 'FD667711 ULAR NAGA 100/12', '', '100/12', 0, 0),
(98, 'FD667A', 'FD667A Dragon Eggs (Super) 24/24/12', 'Cake', '24/24/12', 92, 0),
(99, 'FD668', 'FD668 Dragon Eggs (Big) 24/24/12', 'Cake', '24/24/12', 1130, 2),
(100, 'FD669', 'FD669 Fivefold Colour 20/20/10', '', '20/20/10', 18, 0),
(101, 'FD675', 'FD675 Silver Crackling 24/24/6', 'Cake', '24/24/6', 25, 0),
(102, 'FD701', 'FD701 Hen Lying Eggs', '', '', 0, 0),
(103, 'FD676', 'FD676 Silver Glittering Biasa 36/24/6', '', '36/24/6', 22, 0),
(104, 'FD7030', 'FD7030 Rocket (2x Pecah) 24/4', '', '24/4', 2, -3),
(105, 'FD7031', 'FD7031 Rocket (Ada 4 Corak) 20/4', '', '20/4', 19, 16),
(106, 'FD705', 'FD705 Tank 40/12', '', '40/12', 0, 0),
(107, 'FD705B', 'FD705B Tank 72/4', '', '72/4', 6, 0),
(108, 'FD728', 'FD728 Pop Pop Snapper (Paper) 12/50/50', 'Cake', '12/50/50', 911, 0),
(109, 'FD7177', 'FD7177HandHeld Silver Fountain 2m 30/10', '', '30/10', 8, 0),
(110, 'FD7723', 'FD7723 Super Blitz 45/10', '', '45/10', 39, 0),
(111, 'FD7750', 'FD7750 Botao Crackling 6/40/12', '', '6/40/12', 1, 0),
(112, 'FD8002', 'FD8002 FAST FOUNTAIN 3SEC 3M 20/5', 'Cake', '20/5', 28, 0),
(113, 'FD8006', 'FD8006 SILVER FOUNTAIN  20SEC 5M 20/5', '', '20/5', 13, 0),
(114, 'FD805', 'FD805 Thunderbolt 48/6', '', '48/6', 13, 0),
(115, 'FD808C', 'FD808C 8s Roman Candles 0.8 inch  24/4', 'Cake', '24/4', 0, 0),
(116, 'FD8500', 'FD8500 Snapper (Plastic) 12/50/30', '', '12/50/30', 47, 0),
(117, 'FD871', 'FD871 Moon Traveller 40/12/12', 'Cake', '40/12/12', 12, -38),
(118, 'FD872', 'FD872 Triple Whistle w/ Report 40/12/12', 'Cake', '40/12/12', 0, 0),
(119, 'FD888', 'FD888 Base Missile 25s 30/4', '', '30/4', 88, 3),
(120, 'FDC12C', 'FDC12C 100s Missile with Crackling 30/1', '', '30/1', 28, 4),
(121, 'FD-K7702A', 'FD-K7702A Happy 36s 24/1', '', '24/1', 1, 0),
(122, 'FD-K7702B', 'FD-K7702B Happy 16s 48/1', '', '48/1', 16, 0),
(123, 'SF-153', 'SF-153 12s Cake 1 inch  24/1', 'Cake', '24/1', 1, 0),
(124, 'SF-253', 'SF-253 25s Cake 0.6 inch  18/1', 'Cake', '18/1', 0, 7),
(125, 'SF-588', 'SF-588 81s Cake 18/1', 'Cake', '18/1', 1, 0),
(126, 'FD01-15', 'FD 01-15 15s Roman Candle 0.8 inch  20/2', 'Roman Candles', '20/2', 54, 0),
(127, 'FD08-08A', 'FD08-08 A 8s Roman Candle 0.8 inch  48/2', 'Roman Candles', '48/2', 2, -2),
(128, 'FD08-08B', 'FD08-08 B 8s Roman Candle 0.8 inch  48/2', 'Roman Candles', '48/2', 18, 0),
(129, 'FD08-08C', 'FD08-08 C 8s Roman Candle 0.8 inch  48/2', 'Roman Candles', '48/2', 26, 0),
(130, 'FD08-12', 'FD08-12 12s Roman Candle 0.8 inch  24/2', 'Roman Candles', '24/2', 50, 0),
(131, 'FD08-15', 'FD08-15 15s Roman Candle 0.8 inch  24/2', 'Cake', '24/2', 1, 0),
(132, 'FD08-10', 'FD08-10 10s Roman Candle 24/4', 'Roman Candles', '24/4', 35, 0),
(133, 'FD08-16', 'FD08-16 16S Cake 24/1', 'Cake', '24/1', 0, 0),
(134, 'FD08-36', 'FD08-36 36S Cake 24/1', 'Cake', '24/1', 5, 19),
(135, 'T0513', 'T0513 Parachute 96/6', '', '96/6', 4, 0),
(136, 'FD1077', 'FD1077 5s Roman Candle 1 inch  24/2', 'Cake', '24/2', 0, 0),
(137, 'FD1086', 'FD1086 8s Roman Candle 1 inch  24/2', 'Roman Candles', '24/2', 12, 18),
(138, 'FD12-259', 'FD12-259 8s Roman Candle 0.8 inch  48/2', 'Cake', '48/2', 0, 0),
(139, 'FD1078', 'FD1078 5s Roman Candle 1 inch  24/2', 'Roman Candles', '24/2', 60, 0),
(140, 'FD12-101', 'FD12-101 100s Cake 1.2 inch (FAN)', 'Cake', '', 1, 0),
(141, 'FD12-102', 'FD12-102 100s Cake 1.2 inch (FAN)', 'Cake', '', 42, 0),
(142, 'FD12-100', 'FD12-100 100s Cake 1.2 inch (FAN)', 'Cake', '', 47, -1),
(143, 'FD12-150', 'FD12-150 150s Cake 1.2 inch  (FAN)', 'Cake', '', 0, 0),
(144, 'FD15-200', 'FD15-200 200s Cake 1.5 inch ', 'Cake', '', 0, 0),
(145, 'FD18-049', 'FD18-049 49s Cake 1.8 inch (FAN)', 'Cake', '', 0, 0),
(146, 'FD12-151', 'FD12-151 150s Cake (FAN) 1.2 inch ', 'Cake', '', 1, 0),
(147, 'FD12-258', 'FD12-258 8s Roman Candle 0.8 inch  48/2', 'Roman Candles', '48/2', 0, 0),
(148, 'FD12-257', 'FD12-257 8s Roman Candle 0.8 inch  48/2', 'Roman Candles', '48/2', 5, 0),
(149, 'FD1930', 'FD1930', '', '', 4, 0),
(150, 'FD075-8A', 'FD 075-8 A 8 S R/C 0.75 inch  24/4', 'Cake', '24/4', 20, 0),
(151, 'FD075-8B', 'FD 075-8 B 8 S R/C 0.75 inch  24/4', 'Cake', '24/4', 0, 0),
(152, 'FD075-8C', 'FD 075-8 C 8 S R/C 0.75 inch  24/4', 'Cake', '24/4', 0, 0),
(153, 'FD075-5A', 'FD 075-5 A 5 S R/C 0.75 inch  48/2', 'Cake', '48/2', -5, 0),
(154, 'FD075-5B', 'FD 075-5 B 5 S R/C 0.75 inch  48/2', 'Cake', '48/2', 3, 0),
(155, 'FD075-5C', 'FD 075-5 C 5 S R/C 0.75 inch  48/2', 'Cake', '48/2', 10, 0),
(156, 'FD1-600', 'FD1-600', 'Cake', '', 3, 0),
(157, 'FD1-200', 'FD1-200', 'Cake', '', 3, 0),
(158, 'FD-F08', 'FD-F08 8 inch Cone Fountain 50s 12/2', 'Toy', '12/2', 30, 2),
(159, 'FD326', 'FD326 12 shoot Triple Peony 8/1', 'Cake', '8/1', 0, 0),
(160, 'FD08-200', 'FD08-200 200 S CAKE 0.8 inch  2/1', 'Cake', '2/1', 5, 0),
(161, 'FD08-600', 'FD08-600 600 S CAKE 0.8 1/1', 'Cake', '2/1', 8, 0),
(162, 'FD1088', 'FD1088 8s Roman Candle 1.8 inch  12/1', 'Roman Candle', '12/1', 79, 6),
(163, 'FD1089', 'FD1089 8s Roman Candle 1.8 inch  12/1\r\n', 'Roman Candle', '12/1', 98, 8),
(164, 'FD1810', 'FD1810 10 S R/C 1.9 inch  12/1', 'Roman Candle', '12/1', 33, 0),
(165, 'FD1811', 'FD1811 10 S R/C 1.8 inch  12/1', 'Roman Candle', '12/1', 0, 0),
(166, 'FD1836', 'FD1836 Cake 36s 1.8 inch  2/1', 'Cake', '2/1', 1, 0),
(167, 'FD226', 'FD 226 CAKE 226 SHOT 1/1\r\n', 'Cake', '1/1', 7, 0),
(168, 'FD325', 'FD325 25s Triple Flower 8/1', 'Cake', '8/1', 0, 0),
(169, 'FD5008', 'FD5008 Double Artillery Shell Box 12/6\r\n', '', '12/6', 0, 4),
(170, 'FD5008A', 'FD5008A Double Artillery Shell Pvc 12/6', 'Cake', '12/6', 0, 0),
(171, 'FD5009', 'FD5009 Triple Artillery Shell Box 12/6', '', '12/6', 71, 7),
(172, 'FD5009A', 'FD5009A Triple Artillery Shell Pvc 12/6', '', '12/6', 5, 10),
(173, 'FD5010', 'FD5010 Four Artillery Shell Box 12/6', '', '12/6', 0, 0),
(174, 'FD5010A', 'FD5010A Four Artillery Shell Pvc 12/6', '', '12/6', 10, 9),
(175, 'FD5011', 'FD5011 Five Artillery Shell Box 12/6', '', '12/6', 3, 3),
(176, 'FD5030', 'FD5030 Silver Stage Fireworks 20/5 (Baru)\r\n', '', '20/5', 0, 0),
(177, 'FD5030', 'FD5030 Silver Stage Fireworks 20/5 (Lama)', '', '20/5', 11, 0),
(178, 'FD515', 'FD515 Single Artillery Shell Box 12/12', '', '12/12', 35, 11),
(179, 'FD515A', 'FD515A Single Artillery Shell Pvc 12/12\r\n', '', '12/12', 3, 4),
(180, 'FD5138', 'FD5138 138 SHOT 0.8 3/1\r\n', 'Cake', '3/1', 9, 0),
(181, 'FD5168', 'FD5168 168 S CAKE 0.8 1/1', 'Cake', '1/1', 6, -2),
(182, 'FD7034', 'FD7034 50s Assorted Shell 2 inch  1/1', '', '1/1', 28, 0),
(183, 'FD7035', 'FD7035 25s Assorted Shell 3 inch  1/1\r\n', '', '1/1', 25, 0),
(184, 'FD7036', 'FD7036 20s Assorted Shell 4 inch  1/1', '', '1/1', 26, 0),
(185, 'FD7037', 'FD7037 25s Assorted Shell 3.5 inch  1/1\r\n', 'Cake', '1/1', 34, 0),
(186, 'FD736', 'FD736 36 SHOT 8/1', 'Cake', '8/1', 17, 1),
(187, 'FD777', 'FD777 Celebration Rocket 10/12', '', '10/12', 2, 4),
(188, 'FD778', 'FD778 Ball Display Rocket 12/5', '', '12/5', 8, 10),
(189, 'FD8012', 'FD8012 Cake 13s 8/1', 'Cake', '8/1', 0, 7),
(190, 'FD8097', 'FD8097 25s Cake 0.8 inch  12/1', 'Cake', '12/1', 13, 6),
(191, 'FD8101', 'FD8101 100s Cake 0.8 inch  4/1', 'Cake', '4/1', 6, 0),
(192, 'FD88', 'FD88  87 S Cake Mix 1/1', 'Cake', '1/1', 1, 0),
(193, 'FD9004', 'FD9004 49 s Cake 0.8 inch  6/1\r\n', 'Cake', '6/1', 0, 3),
(194, 'FD9006', 'FD9006 25 S CAKE 1 inch  8/1', 'Cake', '8/1', 4, 0),
(195, 'FD9008', 'FD9008 19s Cake 1.2 inch  6/1', 'Cake', '6/1', 0, 0),
(196, 'FD919', 'FD919 19 SHOT CAKE 1.2 8/1', 'Cake', '8/1', 0, 2),
(197, 'FD949', 'FD949 2/1', 'Cake', '2/1', 1, 0),
(198, 'FD9138', 'FD9138 138s Cake 1.8 inch  1/1', 'Cake', '1/1', 0, 0),
(199, 'FD9150', 'FD9150 150s 1/1\r\n', 'Cake', '1/1', 2, 0),
(200, 'FD9188', 'FD9188 188s Cake 1.8 inch  1/1', 'Cake', '1/1', 0, 0),
(201, 'FD9300', 'FD9300 300s Cake 1.2 inch  1/1', 'Cake', '1/1', 0, 0),
(202, 'FD1925', 'FD1925 25s Cake 1.8 inch  2/1', 'Cake', '2/1', 10, -1),
(203, 'FD1936', 'FD1936 36s Cake 1.8 inch  2/1', 'Cake', '2/1', 5, 0),
(204, 'FD1949', 'FD1949 49s Cake 1.8 inch  1/1', 'Cake', '1/1', 5, 0),
(205, 'RC602', 'RC602 8s Roman Candle 2.5 inch  9/1', 'Roman Candle', '9/1', 36, 3),
(206, 'RC603', 'RC603 8s Roman Candle 2 inch  12/1', 'Roman Candle', '12/1', 9, 5),
(207, 'RC606', 'RC606 6s Roman Candle 3 inch  6/1', 'Roman Candle', '6/1', 0, 0),
(208, 'SF-106', 'SF-106 25s Cake 1.2 inch  4/1', 'Cake', '4/1', 0, 0),
(209, 'SF-C028', 'SF-C028 20s Cake 1.2 inch  6/1', 'Cake', '6/1', 0, 1),
(210, 'SF-C029', 'SF-C029 24s Cake 1.2 inch  4/1', 'Cake', '4/1', 1, 0),
(211, 'SF-C030', 'SF-C030 12s Cake 1.5 inch  8/1', 'Cake', '8/1', 2, 0),
(212, 'SF-C041', 'SF-C041 12s Cake 1.3/4 inch  3/1', 'Cake', '3/1', 0, 0),
(213, 'FD08-100', 'FD08-100 100S Cake 4/1', 'Cake', '4/1', 3, -2),
(214, 'FD08-300', 'FD08-300 300S Cake 1/1', 'Cake', '1/1', 19, 0),
(215, 'FD12-19', 'FD12-19 19S Cake 6/1 1.2 inch', 'Cake', '6/1', 43, -4),
(216, 'FD12-36', 'FD12-36 36S Cake 3/1', 'Cake', '3/1', 1, 2),
(217, 'FD12-50', 'FD12-50 49S Cake 2/1', 'Cake', '2/1', 0, 0),
(218, 'FD12-49', 'FD12-49 49S Cake FAN 2/1', 'Cake', '2/1', 5, -1),
(219, 'FD12-26', 'FD12-26 25S Cake FAN 4/1', 'Cake', '4/1', 0, 1),
(220, 'FD12-108', 'FD12-108 100S Cake 1/1', 'Cake', '1/1', 0, 0),
(221, 'FD1825', 'FD1825 Cake 25s 1.8 inch  2/1', 'Cake', '2/1', 9, -1),
(222, 'FD1525', 'FD1525 Cake 25s 1.5 inch  4/1', 'Cake', '4/1', 10, 0),
(223, 'FD1536', 'FD1536 Cake 36s 1.5 inch  3/1', 'Cake', '3/1', 0, 0),
(224, 'FD1549', 'FD1549 Cake 49s 1.5 inch  2/1', 'Cake', '2/1', 0, 0),
(225, 'FD9200', 'FD9200 Cake 100s 1.8 inch  1/1', 'Cake', '1/1', 0, 0),
(226, 'FD9800', 'FD9800 Cake 100s 1.5 inch  1/1', 'Cake', '1/1', 1, 0),
(227, 'FD12-25', 'FD12-25 25s Cake 1.2 inch  (FAN) 4/1', 'Cake', '4/1', 0, 0),
(228, 'FD15', 'FD15-1.2 inch  15s Roman Candles 16/1', 'Roman Candle', '16/1', 47, 0),
(229, 'FD15-88', 'FD15-88 88s Cake 1/1\r\n', 'Cake', '1/1', 12, 0),
(230, 'FD18-50', 'FD18-50 50s Cake 2/1', 'Cake', '2/1', 15, -1),
(231, 'FD18-88', 'FD18-88 88s Cake 1/1', 'Cake', '1/1', 14, 0),
(232, 'FD1-300', 'FD1-300 300s Cake 1/1', 'Cake', '1/1', 18, 0);

-- --------------------------------------------------------

--
-- Table structure for table `trn_debt`
--

CREATE TABLE `trn_debt` (
  `debt_id` int(11) NOT NULL,
  `CustomerId` int(11) NOT NULL,
  `CustomerName` varchar(100) NOT NULL,
  `harusbayar` int(11) NOT NULL,
  `tanggalpembelian` date NOT NULL
) ENGINE=InnoDB DEFAULT CHARSET=latin1;

--
-- Dumping data for table `trn_debt`
--

INSERT INTO `trn_debt` (`debt_id`, `CustomerId`, `CustomerName`, `harusbayar`, `tanggalpembelian`) VALUES
(8, 7, 'Tulus Maju', 49560000, '2016-12-19'),
(9, 7, 'Tulus Maju', 8600000, '2016-12-29'),
(10, 8, 'Toko Anggrek(Yanto)', 27600000, '2016-08-25'),
(11, 3, 'Toko Rajawali', 15000000, '2016-11-07');

-- --------------------------------------------------------

--
-- Table structure for table `trn_payment`
--

CREATE TABLE `trn_payment` (
  `payment_id` int(11) NOT NULL,
  `CustomerId` int(11) NOT NULL,
  `CustomerName` varchar(100) NOT NULL,
  `bayar` int(11) NOT NULL,
  `tanggalbayar` date NOT NULL
) ENGINE=InnoDB DEFAULT CHARSET=latin1;

--
-- Dumping data for table `trn_payment`
--

INSERT INTO `trn_payment` (`payment_id`, `CustomerId`, `CustomerName`, `bayar`, `tanggalbayar`) VALUES
(1, 3, 'Toko Rajawali', 5000000, '2017-01-02'),
(2, 3, 'Toko Rajawali', 10000000, '2017-07-10'),
(3, 7, 'Tulus Maju', 58160000, '2017-07-03'),
(4, 8, 'Toko Anggrek(Yanto)', 27600000, '2017-09-03');

--
-- Indexes for dumped tables
--

--
-- Indexes for table `headertransaction`
--
ALTER TABLE `headertransaction`
  ADD PRIMARY KEY (`TransactionId`);

--
-- Indexes for table `headertransaction_new`
--
ALTER TABLE `headertransaction_new`
  ADD PRIMARY KEY (`TransactionId`);

--
-- Indexes for table `mscustomer`
--
ALTER TABLE `mscustomer`
  ADD PRIMARY KEY (`CustomerId`);

--
-- Indexes for table `msproduct`
--
ALTER TABLE `msproduct`
  ADD PRIMARY KEY (`ID`);

--
-- Indexes for table `msuser`
--
ALTER TABLE `msuser`
  ADD PRIMARY KEY (`UserId`),
  ADD UNIQUE KEY `Username` (`Username`),
  ADD UNIQUE KEY `UserId` (`UserId`);

--
-- Indexes for table `ms_product_2018_08`
--
ALTER TABLE `ms_product_2018_08`
  ADD PRIMARY KEY (`ID`),
  ADD UNIQUE KEY `ID` (`ID`),
  ADD UNIQUE KEY `ID_2` (`ID`);

--
-- Indexes for table `ms_product_old2`
--
ALTER TABLE `ms_product_old2`
  ADD UNIQUE KEY `ID` (`ID`);

--
-- Indexes for table `trn_debt`
--
ALTER TABLE `trn_debt`
  ADD PRIMARY KEY (`debt_id`);

--
-- Indexes for table `trn_payment`
--
ALTER TABLE `trn_payment`
  ADD PRIMARY KEY (`payment_id`);

--
-- AUTO_INCREMENT for dumped tables
--

--
-- AUTO_INCREMENT for table `headertransaction`
--
ALTER TABLE `headertransaction`
  MODIFY `TransactionId` int(5) NOT NULL AUTO_INCREMENT, AUTO_INCREMENT=409;
--
-- AUTO_INCREMENT for table `headertransaction_new`
--
ALTER TABLE `headertransaction_new`
  MODIFY `TransactionId` int(5) NOT NULL AUTO_INCREMENT, AUTO_INCREMENT=33;
--
-- AUTO_INCREMENT for table `mscustomer`
--
ALTER TABLE `mscustomer`
  MODIFY `CustomerId` int(5) NOT NULL AUTO_INCREMENT, AUTO_INCREMENT=47;
--
-- AUTO_INCREMENT for table `msproduct`
--
ALTER TABLE `msproduct`
  MODIFY `ID` int(11) NOT NULL AUTO_INCREMENT, AUTO_INCREMENT=238;
--
-- AUTO_INCREMENT for table `ms_product_2018_08`
--
ALTER TABLE `ms_product_2018_08`
  MODIFY `ID` int(11) NOT NULL AUTO_INCREMENT, AUTO_INCREMENT=238;
--
-- AUTO_INCREMENT for table `trn_debt`
--
ALTER TABLE `trn_debt`
  MODIFY `debt_id` int(11) NOT NULL AUTO_INCREMENT, AUTO_INCREMENT=12;
--
-- AUTO_INCREMENT for table `trn_payment`
--
ALTER TABLE `trn_payment`
  MODIFY `payment_id` int(11) NOT NULL AUTO_INCREMENT, AUTO_INCREMENT=5;COMMIT;

/*!40101 SET CHARACTER_SET_CLIENT=@OLD_CHARACTER_SET_CLIENT */;
/*!40101 SET CHARACTER_SET_RESULTS=@OLD_CHARACTER_SET_RESULTS */;
/*!40101 SET COLLATION_CONNECTION=@OLD_COLLATION_CONNECTION */;
